Wavelength,0%,10%,20%,30%,40%,50%,60%,70%
300,4,4,3.768995,3.983821,4,3.978921,4,4
300.5,4,4,4,4,4,4,4,3.989443
301,4,4,4,3.967294,4,3.978734,4,3.974483
301.5,4,3.970526,3.968779,4,4,4,3.983164,3.988414
302,4,3.970526,4,4,4,4,4,3.950732
302.5,4,4,4,4,3.960627,4,4,4
303,4,4,3.994051,4,3.994016,4,4,4
303.5,4,4,4,4,3.993759,4,4,4
304,4,4,4,4,4,4,3.987371,4
304.5,4,4,4,4,4,4,4,4
305,4,4,3.993256,3.981773,4,4,4,4
305.5,4,4,3.981691,4,4,3.966881,4,4
306,4,3.978241,4,4,4,4,4,4
306.5,4,4,4,4,4,4,4,4
307,4,4,4,3.947742,4,4,4,3.859268
307.5,4,4,4,3.978299,4,4,4,3.960614
308,4,3.957797,3.972705,3.956676,3.957737,3.978356,4,3.962243
308.5,4,3.972762,3.91766,4,3.994335,4,3.972256,4
309,4,4,4,3.978362,3.994359,4,3.985575,4
309.5,4,3.978425,4,4,4,3.985636,3.961155,3.985544
310,4,4,3.978429,4,4,4,3.978469,3.957823
310.5,3.967098,4,4,4,3.994489,4,4,3.918987
311,4,4,4,4,3.978493,3.985667,3.805625,4
311.5,3.9857,4,3.958319,3.973001,4,4,4,4
312,4,4,4,4,3.952836,4,3.942351,4
312.5,3.958341,4,4,4,4,4,4,4
313,3.985711,3.994508,3.994495,3.978497,4,4,3.967149,3.96151
313.5,3.962464,4,3.988978,3.967136,3.930757,3.985661,4,4
314,4,4,3.978435,4,3.945057,4,4,4
314.5,4,4,3.994352,4,4,4,3.945395,4
315,4,3.978374,3.849811,3.958186,3.994278,4,3.961307,4
315.5,4,4,3.972213,4,3.988571,3.966931,4,4
316,3.994148,4,3.923163,4,4,4,4,4
316.5,3.94321,3.970538,4,4,3.994023,4,4,4
317,4,4,3.985189,3.981877,3.916007,3.95059,4,3.993866
317.5,4,4,4,4,3.949655,4,4,4
318,3.993715,4,4,3.984931,3.917576,4,4,4
318.5,3.965008,3.950255,3.993548,3.913016,3.984742,4,4,4
319,4,4,4,4,4,4,4,3.964467
319.5,4,3.984339,3.977142,4,3.970205,4,4,3.977117
320,4,4,4,4,4,4,3.976902,3.939262
320.5,4,3.985454,4,3.938131,4,3.89896,3.976902,4
321,3.969306,3.927258,4,4,3.911376,3.949353,4,3.97628
321.5,4,4,4,3.983697,4,4,4,3.952663
322,4,4,4,3.939812,3.975997,3.921521,4,4
322.5,3.96981,3.937118,4,3.939812,4,3.975901,4,3.956202
323,4,3.991691,3.991667,3.969423,4,4,3.982823,3.99147
323.5,4,3.99145,4,3.969423,4,4,4,4
324,4,3.895981,4,4,4,4,4,3.963828
324.5,4,3.933168,4,4,3.874656,4,4,4
325,3.990538,4,3.99055,3.99063,3.949062,4,4,4
325.5,4,4,3.99032,4,3.990459,4,4,4
326,3.973985,4,3.973859,4,4,4,4,4
326.5,4,4,3.973859,4,4,4,3.967719,4
327,3.989383,3.953846,3.973424,3.989408,4,4,3.989347,4
327.5,4,4,3.966888,3.945611,4,4,4,4
328,3.979952,4,4,4,3.972579,4,3.966656,4
328.5,4,4,3.979172,4,3.91334,3.988482,3.988453,3.9387
329,3.979371,3.972218,3.979461,4,3.972167,4,4,3.998788
329.5,4,3.987774,4,4,3.978912,4,4,4
330,3.998974,3.998932,4,3.951444,3.998744,3.971387,4,4
330.5,3.953858,4,4,3.987104,4,4,3.959931,4
331,4,4,3.954718,4,3.954998,3.998309,4,3.998331
331.5,4,3.951017,3.954718,3.98634,4,4,4,4
332,4,3.942829,3.924144,3.915594,3.974935,3.964039,4,4
332.5,4,4,3.939285,4,4,4,4,4
333,4,4,3.969502,4,4,3.831198,3.976574,3.949246
333.5,4,3.985125,4,3.903861,3.871489,3.970489,4,3.941873
334,4,3.992405,3.969846,4,4,4,4,4
334.5,4,3.975662,4,4,4,4,4,3.927147
335,4,3.944124,3.975291,4,3.975405,4,3.956674,3.983996
335.5,4,3.990131,4,3.851331,4,3.770294,4,4
336,4,3.99505,4,4,4,3.901302,4,4
336.5,3.961101,4,4,3.967284,3.994393,4,4,4
337,4,4,4,3.955314,3.949249,4,3.949065,3.98264
337.5,4,3.910396,3.950264,4,4,4,4,3.95489
338,4,4,3.9642,3.993121,4,3.973019,3.981883,3.973092
338.5,4,4,3.914225,3.993121,4,4,4,4
339,3.957838,4,3.93166,3.895237,3.931866,4,3.981152,4
339.5,4,3.981034,3.972299,4,3.992109,3.95895,4,3.964634
340,3.961091,3.992049,3.947668,4,3.992109,3.953227,3.997097,3.964634
340.5,3.670856,3.95433,4,3.961432,4,4,3.970045,4
341,4,3.815617,3.938604,3.948642,3.998123,3.908263,4,4
341.5,3.88825,3.93087,4,3.970994,3.996611,3.943834,3.814094,4
342,4,3.826748,4,4,4,3.982744,3.96276,3.982841
342.5,4,3.876444,3.98308,4,3.829058,4,3.955059,3.999087
343,4,3.944368,4,4,3.752296,4,3.896805,4
343.5,3.929171,3.950752,3.968088,4,3.968099,3.950837,4,4
344,4,3.984452,3.973259,4,3.74635,3.950837,4,3.945682
344.5,4,4,4,4,3.903945,4,3.973751,4
345,4,4,3.965304,4,3.873726,4,4,3.973814
345.5,3.909593,4,4,4,4,4,4,4
346,3.928244,4,3.897675,4,3.896231,3.974837,3.909825,4
346.5,4,3.966175,3.959072,4,3.935042,4,3.84623,3.974961
347,3.892848,4,3.935495,4,4,3.966765,3.966682,4
347.5,4,4,4,4,3.871646,3.959844,4,3.888947
348,4,4,4,4,3.948676,4,3.947608,4
348.5,4,3.922205,3.96066,4,4,4,4,4
349,3.909773,4,3.954695,4,4,4,3.988211,4
349.5,4,3.988616,3.961289,4,3.955086,4,4,3.873193
350,4,3.988914,4,4,4,4,3.945488,4
350.5,3.906193,4,3.977653,3.941659,4,4,4,4
351,4,3.989316,3.978141,4,4,4,4,4
351.5,3.968078,3.924561,3.946188,3.929301,4,4,4,4
352,4,3.907916,4,4,4,4,3.969713,4
352.5,4,3.929251,3.885544,4,4,3.978857,4,4
353,3.970195,3.970272,4,3.970142,3.962942,4,3.949361,4
353.5,3.933661,4,4,4,4,4,4,4
354,4,3.753061,4,3.89407,4,4,4,3.963374
354.5,3.991019,3.813955,4,3.979493,4,4,4,3.990856
355,3.901677,3.963656,3.943526,4,4,4,3.954818,4
355.5,4,3.947832,4,4,4,4,4,3.979891
356,4,3.98,4,4,4,3.928076,4,4
356.5,3.97132,3.980094,4,3.980146,4,3.971329,3.960123,4
357,3.951506,4,4,3.980146,3.964113,4,3.980123,3.964141
357.5,4,4,4,4,4,3.924315,3.948223,3.944329
358,4,4,4,4,4,3.921046,3.964253,3.991571
358.5,3.936893,3.928053,3.980284,3.944502,3.919712,4,4,3.980242
359,3.935662,4,3.923075,4,3.980227,4,4,3.980177
359.5,4,4,3.923075,4,3.865942,4,4,4
360,3.95275,3.98011,4,4,3.836124,4,4,4
360.5,4,4,3.963909,3.95521,3.991324,4,4,4
361,4,3.9622,4,4,3.932362,4,4,4
361.5,3.990941,4,4,3.88475,4,3.979738,3.970785,4
362,4,4,4,3.979448,3.881948,3.990897,4,4
362.5,4,3.942371,4,3.979255,3.990466,4,3.939885,4
363,4,3.969177,3.970159,4,4,3.856564,3.96942,3.969976
363.5,3.968732,4,4,3.845374,4,4,4,3.969976
364,4,4,3.956301,3.86669,4,3.989693,4,4
364.5,4,3.950505,4,3.977848,4,3.978099,3.969167,4
365,3.935337,4,3.904083,3.967804,4,3.951653,3.897764,3.941958
365.5,3.918308,3.956899,3.963634,3.915692,3.88375,3.940757,3.94176,3.984257
366,3.823334,4,3.957595,3.879999,3.941621,3.996185,3.941795,3.984566
366.5,3.959729,4,3.963011,3.948703,3.985564,3.954446,4,4
367,3.9948,3.939723,3.872308,3.950142,3.945893,3.85881,4,3.98584
367.5,4,3.929451,3.912705,3.932432,3.936675,3.972755,3.998066,4
368,3.965288,3.994889,3.927059,3.978056,3.920825,4,3.895166,3.892381
368.5,3.91538,3.97865,4,3.879018,3.944038,3.959754,4,4
369,3.987988,4,4,3.955817,3.922395,4,4,4
369.5,3.851946,3.888649,3.889122,4,3.941209,3.912266,3.854316,3.962057
370,4,4,4,4,3.97378,3.860252,3.91419,3.968252
370.5,3.895124,3.897809,3.98047,4,3.929073,3.957622,4,4
371,3.732145,3.981594,3.941114,3.968354,3.947649,3.982097,4,3.981424
371.5,4,3.940292,3.991192,3.991062,3.792398,3.94307,3.939188,3.975102
372,3.970075,3.960019,3.905344,3.961859,3.899581,4,3.952597,4
372.5,4,3.965144,3.992253,4,3.86764,3.983816,3.970665,3.896195
373,3.976985,4,3.979486,3.984649,3.970917,4,3.899546,3.966094
373.5,3.993611,3.951302,3.953755,3.984649,3.904331,3.978453,3.966377,3.931278
374,4,4,3.988722,3.994472,3.972939,4,3.963964,4
374.5,3.995321,3.944815,4,4,3.986056,4,4,3.878582
375,3.959441,3.979459,3.95028,3.891456,3.947835,3.84439,3.97401,3.979492
375.5,3.943954,3.952296,3.948906,3.987292,4,4,3.97401,3.965385
376,3.985042,4,3.874476,3.891281,3.988106,3.848947,4,3.997321
376.5,3.959283,4,4,3.908814,3.871755,3.793018,4,3.97652
377,3.958431,3.940739,3.951893,3.985381,3.924645,3.980754,4,4
377.5,3.972971,4,3.983289,3.989961,3.872966,3.942486,3.976296,3.948801
378,4,4,3.833465,3.881691,3.999467,4,3.94962,3.983263
378.5,4,3.850066,3.946562,3.750695,3.98297,3.911907,3.969571,4
379,3.968952,3.883135,3.978811,3.868344,3.861739,3.969177,3.776111,3.862283
379.5,3.937879,3.973946,3.938384,3.953255,3.944466,3.966917,3.765836,3.992619
380,3.975096,3.959439,3.773671,3.945105,3.882086,3.986176,3.912944,3.764473
380.5,3.917995,3.901097,3.869499,3.802885,3.848259,3.969408,3.987955,3.85346
381,3.809117,3.840081,3.820939,3.901019,3.8595,3.798718,3.866032,3.83358
381.5,3.829384,3.953441,3.744741,3.543097,3.709136,3.59616,3.690417,3.579852
382,3.477447,3.530316,3.521219,3.368481,3.504463,3.660217,3.507544,3.457864
382.5,3.243557,3.396433,3.348815,3.323627,3.299012,3.5189,3.455283,3.463214
383,3.181371,3.250292,3.230482,3.187318,3.204987,3.208924,3.166252,3.151349
383.5,3.025029,3.116441,3.063885,3.07147,3.090633,3.138257,3.039998,3.105385
384,2.89903,2.996225,2.935026,2.930502,2.915482,2.947455,2.931836,2.981485
384.5,2.838276,2.82355,2.888674,2.800392,2.824676,2.810443,2.82995,2.79485
385,2.701597,2.735649,2.737004,2.720447,2.685367,2.680766,2.682505,2.696532
385.5,2.546153,2.606868,2.601936,2.617449,2.619956,2.570611,2.588552,2.556693
386,2.479342,2.50521,2.514366,2.483496,2.510833,2.509338,2.482174,2.441433
386.5,2.37731,2.41818,2.421888,2.404517,2.430214,2.405854,2.378353,2.374983
387,2.290775,2.31722,2.333172,2.326471,2.331221,2.316871,2.290058,2.270675
387.5,2.197345,2.231325,2.235513,2.223398,2.22343,2.215026,2.198894,2.188838
388,2.110297,2.139129,2.146813,2.1316,2.143634,2.123445,2.116876,2.100764
388.5,2.027318,2.059689,2.06116,2.060016,2.05549,2.046992,2.032032,2.017774
389,1.955683,1.980107,1.991903,1.979424,1.984265,1.971038,1.958027,1.937388
389.5,1.887618,1.911204,1.923716,1.912148,1.914771,1.900174,1.89038,1.870948
390,1.821415,1.844988,1.856677,1.841249,1.846952,1.834126,1.821276,1.803594
390.5,1.752117,1.783525,1.789944,1.776464,1.77862,1.766204,1.754456,1.731612
391,1.690737,1.722097,1.729803,1.716772,1.720084,1.708085,1.693238,1.67202
391.5,1.634592,1.661974,1.67295,1.659701,1.663653,1.650254,1.635473,1.616223
392,1.583869,1.611819,1.624187,1.605938,1.612144,1.597877,1.585134,1.563663
392.5,1.534782,1.566083,1.572937,1.559016,1.563123,1.549122,1.535546,1.514583
393,1.485794,1.51628,1.523931,1.51177,1.513459,1.500242,1.4862,1.463681
393.5,1.438977,1.46863,1.476882,1.464306,1.466609,1.451806,1.437933,1.41539
394,1.394292,1.422618,1.431055,1.41747,1.419968,1.406551,1.392272,1.371871
394.5,1.352294,1.381131,1.388758,1.375612,1.378495,1.363064,1.350264,1.330957
395,1.317787,1.344732,1.352498,1.339749,1.341659,1.32656,1.314239,1.294737
395.5,1.280132,1.307599,1.315224,1.301966,1.303083,1.28966,1.276902,1.257356
396,1.244407,1.271503,1.280728,1.265709,1.267854,1.253681,1.242479,1.221804
396.5,1.211001,1.240258,1.246574,1.232791,1.235544,1.220319,1.208895,1.187513
397,1.182255,1.209763,1.217293,1.202955,1.203734,1.190574,1.178338,1.157569
397.5,1.154057,1.181518,1.189038,1.174358,1.175671,1.161704,1.150589,1.128403
398,1.129258,1.157484,1.163891,1.149876,1.151212,1.137782,1.125467,1.103402
398.5,1.104972,1.133246,1.139004,1.124781,1.125773,1.112445,1.099767,1.077325
399,1.082967,1.110726,1.116953,1.102068,1.103805,1.090332,1.076715,1.054418
399.5,1.061622,1.0901,1.096323,1.081779,1.08269,1.068714,1.056129,1.032945
400,1.043311,1.071442,1.077812,1.062828,1.063869,1.050465,1.036778,1.013765
400.5,1.026293,1.054687,1.059983,1.045781,1.046156,1.032737,1.018839,0.995659
401,1.009522,1.038521,1.043702,1.029351,1.029822,1.015929,1.0015,0.978531
401.5,0.994711,1.02331,1.028847,1.014296,1.014827,1.000544,0.986039,0.963055
402,0.981783,1.010176,1.015854,1.000794,1.00114,0.986531,0.972758,0.949335
402.5,0.971329,0.99917,1.004939,0.989334,0.990136,0.975216,0.961321,0.937881
403,0.960383,0.988112,0.993595,0.978231,0.978493,0.963763,0.949707,0.926014
403.5,0.950478,0.978039,0.983491,0.968018,0.968076,0.953435,0.939076,0.91519
404,0.941959,0.969495,0.974758,0.958843,0.958929,0.944159,0.929993,0.905998
404.5,0.934595,0.961892,0.966786,0.950639,0.950985,0.935642,0.9217,0.897286
405,0.927893,0.955252,0.959843,0.943998,0.94378,0.928627,0.914458,0.889922
405.5,0.922216,0.94934,0.95377,0.937712,0.937117,0.922358,0.907847,0.883032
406,0.916994,0.94404,0.948187,0.931645,0.931116,0.916611,0.90204,0.876669
406.5,0.912607,0.939497,0.94344,0.926384,0.925599,0.91111,0.896487,0.871176
407,0.90838,0.935204,0.938751,0.922199,0.921204,0.906171,0.891346,0.865991
407.5,0.90489,0.931673,0.935403,0.917951,0.916998,0.902212,0.886997,0.861392
408,0.90205,0.928786,0.932227,0.914494,0.913602,0.8986,0.883347,0.857302
408.5,0.899393,0.926174,0.929055,0.911878,0.910686,0.8954,0.879848,0.853967
409,0.897295,0.923861,0.926842,0.909306,0.907994,0.892363,0.877109,0.850912
409.5,0.895314,0.921618,0.924415,0.906399,0.905258,0.889404,0.874065,0.847551
410,0.893841,0.92016,0.92261,0.904319,0.903028,0.887318,0.871525,0.844932
410.5,0.892714,0.918816,0.921157,0.903017,0.900792,0.885051,0.869537,0.842509
411,0.891666,0.917733,0.919932,0.901384,0.899592,0.883578,0.867462,0.840707
411.5,0.890877,0.916853,0.918875,0.900116,0.898024,0.881879,0.865774,0.838946
412,0.890401,0.916125,0.918033,0.898991,0.897041,0.881037,0.864299,0.837455
412.5,0.890037,0.915591,0.917318,0.898126,0.895921,0.879734,0.863418,0.836065
413,0.889881,0.915394,0.91678,0.897692,0.89506,0.878829,0.862288,0.834769
413.5,0.889936,0.915113,0.91644,0.896674,0.894191,0.878048,0.861493,0.833492
414,0.88987,0.915179,0.915946,0.896321,0.893757,0.877316,0.86058,0.832563
414.5,0.89018,0.915018,0.915952,0.895955,0.893266,0.876453,0.859521,0.831568
415,0.890569,0.915141,0.916106,0.895962,0.893076,0.876074,0.859143,0.830889
415.5,0.890834,0.915617,0.916314,0.895752,0.892684,0.87578,0.858661,0.829944
416,0.891311,0.916287,0.916166,0.895593,0.892292,0.875466,0.857897,0.829355
416.5,0.892415,0.917015,0.916512,0.89594,0.892114,0.875522,0.857797,0.828988
417,0.893265,0.917899,0.916856,0.89602,0.892339,0.875787,0.85767,0.828838
417.5,0.893953,0.918695,0.917286,0.896678,0.892495,0.875813,0.857383,0.828467
418,0.894833,0.919323,0.917855,0.896782,0.892643,0.875675,0.857227,0.827871
418.5,0.895865,0.919954,0.9185,0.897185,0.892638,0.8757,0.857027,0.827679
419,0.896823,0.920857,0.919031,0.897559,0.893009,0.875825,0.857427,0.827635
419.5,0.897815,0.921657,0.919501,0.898109,0.893178,0.875994,0.857137,0.827258
420,0.898709,0.922549,0.920302,0.898363,0.893394,0.876278,0.857152,0.82712
420.5,0.899876,0.923562,0.921039,0.898927,0.893859,0.876441,0.857571,0.826977
421,0.901148,0.92443,0.92196,0.899562,0.894453,0.876707,0.857429,0.826894
421.5,0.902561,0.925754,0.922963,0.900229,0.894875,0.877115,0.857626,0.826971
422,0.903851,0.92663,0.923518,0.900804,0.895351,0.877625,0.857863,0.826972
422.5,0.904928,0.928112,0.924503,0.901379,0.89589,0.877986,0.858158,0.827129
423,0.906114,0.929087,0.925436,0.902095,0.896218,0.878291,0.858262,0.827063
423.5,0.907592,0.930155,0.926517,0.902542,0.896606,0.878511,0.858546,0.827074
424,0.908959,0.931369,0.927445,0.903379,0.897397,0.879083,0.858786,0.827221
424.5,0.910691,0.932754,0.928506,0.904118,0.898005,0.879607,0.859256,0.827515
425,0.912387,0.934234,0.929621,0.905078,0.898733,0.880139,0.859772,0.827635
425.5,0.914126,0.935642,0.930638,0.905915,0.899594,0.880936,0.860157,0.827806
426,0.91566,0.937046,0.931866,0.906879,0.900179,0.881385,0.86041,0.82814
426.5,0.91721,0.938718,0.933071,0.90755,0.900872,0.881903,0.860943,0.828305
427,0.918898,0.940267,0.93414,0.908501,0.901702,0.882679,0.861439,0.828674
427.5,0.921078,0.941991,0.935606,0.909731,0.902539,0.883451,0.862138,0.828913
428,0.922907,0.94353,0.937126,0.910972,0.90335,0.884089,0.862443,0.829088
428.5,0.924848,0.945389,0.938581,0.911792,0.90435,0.884871,0.863213,0.829693
429,0.927047,0.947311,0.94002,0.913007,0.905556,0.885604,0.86385,0.829999
429.5,0.928833,0.948843,0.941349,0.914017,0.906409,0.886392,0.864533,0.830281
430,0.930846,0.950723,0.942692,0.915334,0.907402,0.887144,0.864918,0.830501
430.5,0.932953,0.952753,0.944276,0.916577,0.908241,0.888287,0.865745,0.830963
431,0.935071,0.954696,0.945923,0.917809,0.909345,0.889109,0.866547,0.83143
431.5,0.937466,0.956542,0.947655,0.919063,0.910497,0.88996,0.867204,0.831823
432,0.939656,0.958237,0.949152,0.920201,0.911387,0.890813,0.86781,0.83218
432.5,0.941827,0.960327,0.950594,0.921562,0.912349,0.89156,0.868494,0.832707
433,0.943858,0.962335,0.952228,0.922681,0.913379,0.892382,0.868927,0.833185
433.5,0.946167,0.963925,0.953587,0.923966,0.914379,0.893184,0.869545,0.833569
434,0.948486,0.966031,0.955206,0.925265,0.915508,0.894286,0.870286,0.834103
434.5,0.950717,0.968015,0.956989,0.926338,0.916565,0.895184,0.871082,0.834521
435,0.95297,0.970082,0.958826,0.927552,0.917451,0.89609,0.871664,0.834972
435.5,0.955079,0.971623,0.959888,0.928731,0.918566,0.89676,0.872235,0.83535
436,0.95721,0.973601,0.96141,0.929933,0.919508,0.897664,0.872909,0.835756
436.5,0.959622,0.975674,0.963015,0.93094,0.920531,0.898598,0.87357,0.836248
437,0.961697,0.977727,0.964431,0.93233,0.921532,0.899662,0.874339,0.836579
437.5,0.96399,0.979617,0.96603,0.933528,0.92264,0.900358,0.874906,0.836898
438,0.966428,0.981637,0.967812,0.93477,0.923703,0.901305,0.875692,0.837458
438.5,0.968661,0.983633,0.969457,0.935953,0.924604,0.902244,0.876494,0.837936
439,0.970835,0.985479,0.971143,0.937407,0.925526,0.902971,0.87712,0.838342
439.5,0.973126,0.9874,0.972459,0.938398,0.926739,0.903836,0.87783,0.838919
440,0.975298,0.989684,0.974288,0.939726,0.927758,0.904811,0.87841,0.839474
440.5,0.977643,0.991337,0.975841,0.940887,0.92876,0.905721,0.879321,0.839937
441,0.979961,0.993543,0.977494,0.942125,0.929738,0.906453,0.879856,0.840406
441.5,0.982364,0.995699,0.978737,0.943346,0.931035,0.907334,0.880507,0.84067
442,0.984741,0.997461,0.980513,0.944776,0.931971,0.908341,0.881315,0.841117
442.5,0.986961,0.99974,0.982073,0.946044,0.933172,0.909277,0.881878,0.841713
443,0.989337,1.00168,0.983632,0.947383,0.93403,0.910227,0.882691,0.842061
443.5,0.991871,1.00387,0.985347,0.948766,0.935309,0.910965,0.883386,0.842554
444,0.994499,1.006281,0.987255,0.950008,0.936386,0.912192,0.884088,0.843032
444.5,0.997181,1.008237,0.989074,0.951465,0.937562,0.913057,0.88476,0.84357
445,0.999782,1.010446,0.990682,0.952816,0.93859,0.914025,0.885527,0.844124
445.5,1.002451,1.012664,0.992455,0.953974,0.939653,0.914988,0.886204,0.844669
446,1.004933,1.014998,0.994004,0.95521,0.940823,0.916008,0.887064,0.845064
446.5,1.007661,1.017058,0.995945,0.956671,0.942038,0.917009,0.887778,0.845632
447,1.010197,1.019429,0.997587,0.95806,0.943009,0.9179,0.888609,0.846008
447.5,1.012923,1.021775,0.999507,0.959606,0.944412,0.918997,0.889318,0.846702
448,1.015684,1.024098,1.001309,0.960943,0.945555,0.919942,0.890057,0.847266
448.5,1.018353,1.026434,1.003231,0.962256,0.946608,0.92081,0.890889,0.847772
449,1.021051,1.028539,1.004855,0.96365,0.947837,0.921827,0.891687,0.848317
449.5,1.023792,1.030928,1.006719,0.965033,0.948921,0.922855,0.892317,0.848886
450,1.026056,1.033051,1.008287,0.966262,0.950039,0.92359,0.893025,0.84931
450.5,1.029011,1.035191,1.010082,0.967576,0.950989,0.924672,0.893714,0.849715
451,1.031662,1.037603,1.011805,0.968841,0.952211,0.925757,0.894481,0.850165
451.5,1.034571,1.040114,1.0137,0.970481,0.953402,0.926848,0.895277,0.850675
452,1.037549,1.04248,1.01553,0.971951,0.954699,0.927823,0.89619,0.851289
452.5,1.040374,1.044953,1.017454,0.973407,0.955821,0.928833,0.896937,0.85179
453,1.043271,1.047162,1.019348,0.974794,0.957044,0.929781,0.897851,0.852441
453.5,1.046239,1.049678,1.021234,0.976221,0.95846,0.930796,0.898615,0.853062
454,1.049222,1.05222,1.023116,0.977858,0.959616,0.931892,0.899392,0.853682
454.5,1.052167,1.054767,1.025046,0.97922,0.960826,0.933007,0.900291,0.854232
455,1.055173,1.057153,1.026819,0.980707,0.961938,0.933958,0.901096,0.854866
455.5,1.058022,1.059465,1.028794,0.982109,0.963297,0.934992,0.901828,0.855349
456,1.061108,1.062214,1.030887,0.983758,0.964516,0.936074,0.902538,0.8558
456.5,1.06435,1.064889,1.032754,0.985227,0.965789,0.937305,0.903489,0.856312
457,1.067951,1.067516,1.034934,0.986813,0.967166,0.938403,0.904504,0.856854
457.5,1.071139,1.070185,1.036987,0.988372,0.968295,0.939618,0.905312,0.857611
458,1.074279,1.072995,1.039,0.989923,0.969694,0.940658,0.906041,0.858096
458.5,1.077368,1.075679,1.04089,0.991465,0.970859,0.941601,0.906845,0.85878
459,1.080799,1.078146,1.042993,0.992899,0.972293,0.942723,0.907792,0.859508
459.5,1.083978,1.080951,1.044949,0.994469,0.97362,0.943976,0.908661,0.860009
460,1.087133,1.083539,1.046855,0.996025,0.97487,0.945074,0.909571,0.860722
460.5,1.090279,1.086123,1.048842,0.997566,0.976068,0.94614,0.910362,0.861449
461,1.093855,1.088656,1.05105,0.999353,0.977571,0.947194,0.911183,0.861946
461.5,1.097165,1.091437,1.053073,1.000867,0.978822,0.948126,0.912156,0.862511
462,1.10011,1.093899,1.055048,1.002251,0.979801,0.949193,0.912931,0.863041
462.5,1.103333,1.096791,1.057068,1.003778,0.980982,0.950289,0.913748,0.863711
463,1.106631,1.099433,1.059228,1.00536,0.982571,0.951596,0.914637,0.864309
463.5,1.110642,1.102474,1.06124,1.00709,0.984069,0.952792,0.91569,0.865156
464,1.114026,1.105418,1.063499,1.008797,0.985475,0.954074,0.916632,0.865867
464.5,1.117361,1.108291,1.065515,1.010179,0.986815,0.955429,0.91766,0.866525
465,1.12088,1.110828,1.067516,1.012027,0.988181,0.956504,0.918525,0.867262
465.5,1.12448,1.113573,1.069887,1.013633,0.989704,0.957882,0.919537,0.868044
466,1.128073,1.116658,1.072125,1.015355,0.991128,0.958991,0.920707,0.868835
466.5,1.131421,1.119619,1.074149,1.017018,0.99252,0.960152,0.921579,0.869504
467,1.134857,1.122454,1.076311,1.018769,0.994018,0.961473,0.922405,0.870322
467.5,1.138663,1.125636,1.078716,1.020645,0.995658,0.96281,0.923677,0.871202
468,1.142487,1.128771,1.080865,1.022516,0.997162,0.964079,0.924727,0.872081
468.5,1.146249,1.131472,1.083126,1.024169,0.998608,0.965514,0.925799,0.873034
469,1.149823,1.134577,1.08559,1.026121,1.000116,0.966919,0.926992,0.873968
469.5,1.15407,1.137873,1.088044,1.028092,1.00175,0.968356,0.928242,0.875023
470,1.158032,1.141115,1.090331,1.030102,1.003501,0.969996,0.929598,0.876044
470.5,1.161949,1.144208,1.093064,1.032053,1.00548,0.971601,0.931109,0.877165
471,1.166149,1.147748,1.095741,1.034196,1.007404,0.973447,0.932659,0.878495
471.5,1.170653,1.151497,1.098728,1.036643,1.009531,0.975448,0.934271,0.880065
472,1.175355,1.155328,1.101907,1.039498,1.011931,0.977578,0.936199,0.881901
472.5,1.180459,1.159833,1.105533,1.042596,1.014732,0.980324,0.938845,0.884165
473,1.186295,1.164577,1.109565,1.046216,1.018091,0.983444,0.941788,0.886985
473.5,1.1917,1.169027,1.113104,1.049403,1.021282,0.986468,0.944439,0.889336
474,1.195822,1.172519,1.116017,1.051619,1.023241,0.988085,0.945837,0.890383
474.5,1.198739,1.174793,1.117502,1.052619,1.023858,0.98864,0.946052,0.890421
475,1.201403,1.176476,1.118614,1.053144,1.024186,0.98887,0.945961,0.8901
475.5,1.203509,1.178234,1.119464,1.053555,1.024397,0.988871,0.945693,0.889703
476,1.206203,1.179896,1.120411,1.053978,1.02449,0.988666,0.945558,0.889246
476.5,1.208716,1.181402,1.121172,1.054226,1.02445,0.988517,0.945113,0.888585
477,1.210925,1.182929,1.121628,1.054332,1.024216,0.988069,0.944424,0.887644
477.5,1.213014,1.184133,1.12211,1.054154,1.023721,0.987607,0.9437,0.886681
478,1.214985,1.185131,1.122275,1.054047,1.023252,0.987032,0.942699,0.885632
478.5,1.216659,1.186032,1.122288,1.053429,1.022642,0.986155,0.941638,0.884264
479,1.218211,1.186631,1.122123,1.052799,1.021761,0.98501,0.940381,0.882746
479.5,1.21939,1.187134,1.121717,1.052074,1.020795,0.983759,0.938977,0.881056
480,1.220373,1.187154,1.121137,1.051089,1.019499,0.982309,0.937194,0.8791
480.5,1.221164,1.187287,1.120351,1.049787,1.018031,0.98047,0.935303,0.877059
481,1.221859,1.187021,1.119339,1.04825,1.016378,0.978654,0.933236,0.874669
481.5,1.222279,1.186427,1.118035,1.046446,1.014325,0.976462,0.930645,0.872131
482,1.22207,1.185532,1.116562,1.04469,1.012301,0.974206,0.92837,0.869506
482.5,1.22184,1.184914,1.115076,1.042721,1.009986,0.971868,0.925829,0.8668
483,1.221533,1.183553,1.112895,1.040151,1.007317,0.969082,0.922765,0.8636
483.5,1.220989,1.182166,1.111045,1.037631,1.004514,0.966197,0.919566,0.860216
484,1.219944,1.180424,1.10858,1.034995,1.001421,0.962895,0.916139,0.856653
484.5,1.219105,1.178695,1.105913,1.032081,0.998165,0.959644,0.912693,0.852977
485,1.217917,1.176919,1.103287,1.028988,0.995005,0.956241,0.909157,0.849239
485.5,1.216827,1.174819,1.100617,1.026043,0.991874,0.952892,0.905532,0.8456
486,1.215309,1.172689,1.097856,1.022764,0.988559,0.949525,0.901747,0.841602
486.5,1.213845,1.170329,1.095142,1.019567,0.98492,0.945781,0.897806,0.837464
487,1.212298,1.16807,1.092072,1.016233,0.981388,0.942033,0.893938,0.83338
487.5,1.211002,1.16624,1.08939,1.013022,0.978051,0.938464,0.890186,0.829515
488,1.209761,1.164009,1.086755,1.010021,0.974794,0.935192,0.886581,0.825848
488.5,1.208447,1.162128,1.084129,1.007125,0.971786,0.931976,0.883299,0.822456
489,1.207626,1.160642,1.081873,1.004555,0.969019,0.929061,0.880232,0.819198
489.5,1.20697,1.159371,1.079721,1.00223,0.966373,0.926197,0.877452,0.816162
490,1.206476,1.15808,1.077971,0.999972,0.963962,0.923763,0.874842,0.813354
490.5,1.206284,1.157138,1.076516,0.998098,0.961877,0.921707,0.872453,0.810815
491,1.206577,1.156592,1.07534,0.99665,0.960238,0.919914,0.870391,0.808705
491.5,1.20693,1.156407,1.074475,0.99559,0.958833,0.918432,0.86883,0.8069
492,1.207679,1.156393,1.073927,0.994653,0.957713,0.917354,0.867393,0.805396
492.5,1.208686,1.156743,1.073668,0.994128,0.957006,0.916461,0.866451,0.804263
493,1.210002,1.157404,1.073734,0.99377,0.956585,0.915766,0.865698,0.803348
493.5,1.21195,1.158574,1.074181,0.993813,0.956394,0.915521,0.865258,0.802786
494,1.214021,1.159798,1.07487,0.994075,0.956487,0.915589,0.865129,0.802551
494.5,1.216148,1.161411,1.075805,0.994737,0.956929,0.915873,0.865298,0.802539
495,1.218535,1.163346,1.07687,0.995625,0.957627,0.916502,0.865715,0.802817
495.5,1.221225,1.165314,1.078189,0.996694,0.958459,0.917301,0.866309,0.803339
496,1.224239,1.16739,1.079895,0.997918,0.959506,0.918182,0.867188,0.804037
496.5,1.227391,1.169764,1.08164,0.999273,0.960808,0.91938,0.868147,0.804843
497,1.230608,1.172423,1.083554,1.000897,0.962283,0.920663,0.869269,0.805932
497.5,1.234313,1.175164,1.08575,1.002692,0.96385,0.922229,0.870592,0.807059
498,1.238029,1.178005,1.088054,1.004659,0.965598,0.923926,0.87202,0.808346
498.5,1.241535,1.180987,1.09024,1.006652,0.967453,0.925571,0.873546,0.809759
499,1.245235,1.183934,1.092525,1.008702,0.969235,0.927254,0.875179,0.811265
499.5,1.248849,1.186749,1.094809,1.010737,0.971062,0.928936,0.876819,0.812772
500,1.252537,1.189821,1.09731,1.012723,0.973062,0.930729,0.878479,0.814255
500.5,1.256635,1.193106,1.099882,1.014928,0.975071,0.932705,0.880228,0.815937
501,1.260717,1.196469,1.102625,1.017316,0.977258,0.934827,0.882024,0.817699
501.5,1.264963,1.199785,1.105254,1.019663,0.979461,0.936856,0.883973,0.819487
502,1.269377,1.203457,1.108105,1.022143,0.981694,0.93908,0.885985,0.821318
502.5,1.273511,1.20699,1.110898,1.0244,0.983899,0.94108,0.887904,0.823126
503,1.277713,1.210221,1.113552,1.026731,0.986046,0.943145,0.889735,0.824804
503.5,1.281899,1.213369,1.11605,1.029071,0.988037,0.945122,0.891609,0.826539
504,1.286119,1.216739,1.118756,1.031358,0.990154,0.947223,0.893509,0.828184
504.5,1.290247,1.220085,1.121359,1.033691,0.992249,0.949251,0.895493,0.829938
505,1.294509,1.223486,1.124118,1.035948,0.994487,0.951307,0.897327,0.831661
505.5,1.298922,1.227242,1.126889,1.038446,0.996812,0.953407,0.899241,0.833422
506,1.303103,1.230455,1.129587,1.040817,0.99887,0.955381,0.901054,0.835139
506.5,1.307152,1.233639,1.132173,1.04299,1.000985,0.957365,0.90272,0.836794
507,1.310938,1.236735,1.134598,1.045123,1.002964,0.959229,0.904467,0.838409
507.5,1.314667,1.239908,1.137153,1.047314,1.004921,0.961133,0.906232,0.839997
508,1.318807,1.243134,1.139652,1.049464,1.006993,0.962962,0.908026,0.84168
508.5,1.322419,1.246044,1.141935,1.051392,1.008831,0.964686,0.909592,0.843173
509,1.326104,1.248773,1.144168,1.053364,1.010566,0.966277,0.911154,0.844644
509.5,1.329957,1.251707,1.146447,1.055434,1.012471,0.968128,0.912688,0.846144
510,1.333582,1.254637,1.148819,1.057312,1.014245,0.969856,0.914374,0.847632
510.5,1.336793,1.257244,1.150717,1.059069,1.015853,0.97139,0.915804,0.84894
511,1.339883,1.259764,1.152669,1.060768,1.017389,0.972741,0.91724,0.850251
511.5,1.343254,1.262279,1.154881,1.062405,1.01906,0.974338,0.918728,0.851652
512,1.346602,1.264871,1.156778,1.064214,1.020604,0.975896,0.920122,0.852859
512.5,1.349637,1.267378,1.15862,1.065821,1.022043,0.977316,0.921396,0.854036
513,1.352701,1.269801,1.160604,1.067554,1.023688,0.978835,0.92277,0.855269
513.5,1.354975,1.271757,1.16224,1.068942,1.025073,0.980125,0.923856,0.856301
514,1.357534,1.273855,1.163851,1.070401,1.026356,0.981404,0.92497,0.857423
514.5,1.360433,1.276242,1.165676,1.071911,1.027811,0.982792,0.926241,0.858618
515,1.36284,1.278176,1.167234,1.073436,1.02909,0.984051,0.927457,0.85969
515.5,1.364772,1.279908,1.168617,1.0748,1.030408,0.985218,0.928512,0.860654
516,1.366992,1.281948,1.170131,1.076246,1.031763,0.98632,0.92966,0.861794
516.5,1.369185,1.283335,1.171593,1.077326,1.032781,0.987398,0.930606,0.862837
517,1.370883,1.28478,1.172868,1.078465,1.033858,0.988458,0.93158,0.863633
517.5,1.372887,1.286368,1.174043,1.079669,1.035029,0.98954,0.932606,0.864556
518,1.374543,1.287828,1.175416,1.080667,1.036026,0.990443,0.933461,0.865388
518.5,1.375805,1.289186,1.176407,1.081747,1.036898,0.991319,0.93434,0.866238
519,1.377278,1.290654,1.177576,1.082682,1.03791,0.992232,0.935164,0.867105
519.5,1.378596,1.291593,1.178401,1.083563,1.038674,0.99327,0.936016,0.867777
520,1.379746,1.292737,1.179448,1.084498,1.039619,0.994113,0.936847,0.868544
520.5,1.380884,1.293912,1.180391,1.085456,1.040464,0.994948,0.937739,0.869291
521,1.381636,1.294932,1.181469,1.086326,1.041309,0.99563,0.938548,0.87005
521.5,1.382342,1.295568,1.182389,1.087014,1.042068,0.996426,0.939154,0.870704
522,1.383353,1.296523,1.183008,1.087787,1.042757,0.997223,0.939825,0.871397
522.5,1.383715,1.297333,1.183557,1.088516,1.043432,0.997763,0.940547,0.871946
523,1.384385,1.297992,1.184121,1.089279,1.044105,0.998377,0.941172,0.872521
523.5,1.384899,1.298551,1.18481,1.08985,1.044739,0.999172,0.941818,0.873192
524,1.385087,1.299068,1.185483,1.090362,1.045457,0.999774,0.942322,0.873796
524.5,1.385454,1.299609,1.185897,1.091033,1.045993,1.000085,0.942937,0.87431
525,1.385597,1.300089,1.186424,1.091415,1.046384,1.000745,0.943382,0.874916
525.5,1.385573,1.30051,1.187,1.091991,1.046912,1.001248,0.944036,0.875526
526,1.385416,1.30072,1.187265,1.092598,1.047601,1.001831,0.944586,0.876104
526.5,1.385657,1.300812,1.187759,1.093048,1.048033,1.00235,0.944992,0.87659
527,1.385477,1.301158,1.18818,1.093606,1.048558,1.002794,0.945536,0.877104
527.5,1.385279,1.301448,1.188519,1.093991,1.049115,1.003324,0.94607,0.877571
528,1.384988,1.301395,1.188697,1.094264,1.049483,1.003822,0.946644,0.878132
528.5,1.384678,1.301537,1.189024,1.094802,1.049784,1.004276,0.94709,0.8786
529,1.384279,1.301875,1.189308,1.09506,1.050276,1.004706,0.947519,0.878962
529.5,1.384132,1.301573,1.189546,1.095243,1.050624,1.005014,0.947904,0.879385
530,1.383605,1.301821,1.189955,1.095603,1.05103,1.005403,0.948372,0.879791
530.5,1.383162,1.301937,1.190053,1.095963,1.051348,1.005814,0.948709,0.880184
531,1.382838,1.30184,1.190145,1.096245,1.051632,1.006234,0.949137,0.880611
531.5,1.382623,1.301732,1.190365,1.096507,1.052152,1.00656,0.949589,0.881083
532,1.382512,1.301959,1.190661,1.09683,1.052542,1.006882,0.949824,0.881428
532.5,1.381958,1.301834,1.190788,1.097117,1.052789,1.007303,0.950222,0.881814
533,1.381594,1.301692,1.191012,1.09732,1.053106,1.007508,0.950647,0.882178
533.5,1.381294,1.301894,1.191212,1.097554,1.053345,1.007779,0.950985,0.882632
534,1.380989,1.301958,1.191516,1.097854,1.053541,1.008047,0.951264,0.882978
534.5,1.380639,1.302081,1.191609,1.098255,1.053873,1.00842,0.951645,0.883239
535,1.380516,1.302081,1.191958,1.098515,1.054274,1.008836,0.951944,0.883619
535.5,1.380067,1.302064,1.192096,1.098864,1.054611,1.009214,0.952336,0.883997
536,1.378925,1.301343,1.191787,1.098667,1.054658,1.009249,0.952455,0.884023
536.5,1.377513,1.30028,1.1913,1.098194,1.05451,1.009139,0.952312,0.883798
537,1.377263,1.300351,1.191479,1.098318,1.054764,1.00929,0.95259,0.883965
537.5,1.377314,1.300562,1.191726,1.098613,1.055086,1.009641,0.952839,0.884325
538,1.37746,1.30075,1.191919,1.099074,1.055469,1.00994,0.953154,0.884716
538.5,1.377709,1.301264,1.192277,1.0994,1.055783,1.010349,0.953516,0.885107
539,1.378235,1.301738,1.192796,1.099858,1.056192,1.010886,0.953871,0.885571
539.5,1.378722,1.302143,1.193238,1.10026,1.056557,1.011214,0.954318,0.885894
540,1.379145,1.302607,1.193667,1.100752,1.05704,1.011558,0.954735,0.886331
540.5,1.379636,1.302966,1.194195,1.101176,1.057433,1.012022,0.955131,0.886666
541,1.380041,1.303546,1.19475,1.101567,1.057868,1.012418,0.955555,0.886979
541.5,1.380724,1.304265,1.19525,1.102093,1.058398,1.012886,0.956036,0.887424
542,1.381563,1.304937,1.195723,1.102653,1.058871,1.013296,0.956451,0.887834
542.5,1.38226,1.305717,1.196415,1.103266,1.059413,1.013891,0.956893,0.888211
543,1.383241,1.306569,1.196973,1.103815,1.059874,1.014259,0.957301,0.888612
543.5,1.384136,1.307254,1.197615,1.104395,1.060414,1.014756,0.957822,0.889138
544,1.385207,1.308145,1.198518,1.105029,1.060982,1.015319,0.958347,0.889525
544.5,1.386265,1.308941,1.199169,1.105639,1.061485,1.015792,0.958805,0.889902
545,1.387404,1.309772,1.199782,1.10625,1.062071,1.01635,0.959191,0.890344
545.5,1.38851,1.310782,1.200381,1.106873,1.062473,1.016829,0.959678,0.890743
546,1.389291,1.311554,1.201107,1.107469,1.063097,1.017284,0.960144,0.891249
546.5,1.390473,1.312653,1.201819,1.108114,1.063749,1.017844,0.960604,0.891774
547,1.391721,1.313402,1.202534,1.108729,1.064265,1.018348,0.961073,0.892221
547.5,1.392932,1.314284,1.203283,1.109175,1.064754,1.018823,0.961551,0.892575
548,1.394032,1.315432,1.203944,1.109798,1.065291,1.019335,0.962012,0.893035
548.5,1.39493,1.316223,1.204675,1.110423,1.06583,1.019885,0.962461,0.893408
549,1.396414,1.317358,1.205361,1.111115,1.06652,1.02044,0.962975,0.8939
549.5,1.397573,1.318281,1.206059,1.111665,1.066987,1.020862,0.963416,0.894215
550,1.398535,1.319002,1.20675,1.112128,1.067381,1.021258,0.963821,0.894635
550.5,1.399592,1.319977,1.207497,1.112821,1.067996,1.021799,0.964258,0.895102
551,1.400528,1.320796,1.208167,1.113386,1.068532,1.022308,0.964694,0.895488
551.5,1.401514,1.321602,1.20881,1.114031,1.069026,1.022826,0.965254,0.895958
552,1.402222,1.322481,1.209461,1.114543,1.069584,1.023166,0.965642,0.896343
552.5,1.402915,1.323179,1.210051,1.11502,1.069961,1.023475,0.965992,0.89666
553,1.403391,1.323793,1.2105,1.115469,1.070358,1.023964,0.966344,0.896954
553.5,1.403847,1.324312,1.21096,1.115862,1.070694,1.024315,0.966723,0.89723
554,1.404352,1.324783,1.211425,1.11623,1.071076,1.024642,0.967122,0.8976
554.5,1.40466,1.325058,1.211784,1.116687,1.071389,1.025044,0.967407,0.897984
555,1.404658,1.32542,1.212035,1.116957,1.071656,1.025326,0.967639,0.898229
555.5,1.404927,1.325548,1.212317,1.117221,1.071975,1.025521,0.967943,0.898501
556,1.404394,1.325625,1.212445,1.117403,1.072142,1.025606,0.968,0.898614
556.5,1.403985,1.325684,1.212419,1.117471,1.072135,1.025789,0.968266,0.898785
557,1.403521,1.325464,1.212412,1.117635,1.07222,1.025942,0.968375,0.898911
557.5,1.402608,1.325113,1.212177,1.11764,1.072354,1.025901,0.968563,0.899094
558,1.401594,1.324605,1.212135,1.117636,1.0724,1.025961,0.968674,0.899275
558.5,1.400477,1.324044,1.211874,1.117562,1.072296,1.025851,0.968676,0.899275
559,1.399022,1.323326,1.211664,1.11728,1.072189,1.025848,0.968692,0.899349
559.5,1.397429,1.322518,1.21122,1.117192,1.072077,1.025785,0.968651,0.899422
560,1.395701,1.321677,1.210527,1.116888,1.071724,1.025451,0.96854,0.899288
560.5,1.39378,1.320565,1.209913,1.116399,1.071475,1.025277,0.968307,0.899199
561,1.391473,1.319287,1.209253,1.116066,1.071165,1.025082,0.968184,0.899184
561.5,1.388856,1.317859,1.2084,1.115497,1.070677,1.024653,0.967972,0.899133
562,1.386341,1.316374,1.20761,1.114928,1.070291,1.024379,0.967908,0.899002
562.5,1.383493,1.314739,1.206673,1.114318,1.069769,1.02389,0.967568,0.89873
563,1.380514,1.312885,1.205575,1.113457,1.069201,1.023373,0.967128,0.898464
563.5,1.37729,1.310867,1.204337,1.11272,1.068581,1.022835,0.966848,0.898285
564,1.373948,1.30879,1.202955,1.111973,1.067755,1.022227,0.966407,0.898
564.5,1.370279,1.30638,1.20169,1.110908,1.066985,1.021552,0.965899,0.897624
565,1.366381,1.303843,1.20009,1.109828,1.06608,1.020779,0.96535,0.897255
565.5,1.362319,1.301269,1.198438,1.108724,1.065258,1.01999,0.964837,0.896723
566,1.358176,1.298584,1.19681,1.107364,1.064309,1.019279,0.964261,0.896365
566.5,1.353822,1.295676,1.19504,1.106375,1.063179,1.018417,0.96352,0.895929
567,1.349193,1.292686,1.193086,1.104945,1.062096,1.017317,0.962705,0.89528
567.5,1.344828,1.289963,1.191171,1.103563,1.061093,1.016383,0.962121,0.894824
568,1.339736,1.286457,1.188984,1.101951,1.059755,1.015234,0.96135,0.894183
568.5,1.334916,1.283142,1.18677,1.100366,1.058508,1.014124,0.960472,0.893627
569,1.329619,1.279468,1.184402,1.098582,1.057118,1.012802,0.959575,0.892973
569.5,1.324483,1.276056,1.182074,1.097048,1.055665,1.011661,0.958632,0.89224
570,1.319054,1.272217,1.179461,1.095244,1.054162,1.010385,0.957716,0.8915
570.5,1.313677,1.268571,1.17714,1.093449,1.052676,1.009275,0.956661,0.890843
571,1.308193,1.264768,1.174686,1.091697,1.051202,1.007916,0.955646,0.890074
571.5,1.30256,1.260702,1.17213,1.089577,1.049614,1.00652,0.954604,0.88913
572,1.29688,1.256776,1.169372,1.087686,1.047992,1.005102,0.953565,0.888405
572.5,1.291074,1.25263,1.166479,1.085734,1.046265,1.003567,0.952448,0.887584
573,1.28557,1.248622,1.164011,1.083644,1.044687,1.002231,0.951278,0.886701
573.5,1.279325,1.244223,1.160815,1.081493,1.042828,1.000659,0.950082,0.885795
574,1.273679,1.239979,1.157996,1.079534,1.040987,0.999078,0.948821,0.88487
574.5,1.267468,1.235469,1.154891,1.076925,1.03898,0.997342,0.947474,0.883846
575,1.261227,1.230891,1.151749,1.074591,1.03703,0.995627,0.946137,0.882729
575.5,1.255123,1.226429,1.148677,1.072299,1.035071,0.99381,0.944743,0.881675
576,1.248809,1.221668,1.14538,1.069812,1.032983,0.99205,0.943367,0.880531
576.5,1.242997,1.217362,1.142329,1.067605,1.031125,0.990357,0.942035,0.879492
577,1.237081,1.212941,1.139177,1.06514,1.029014,0.988644,0.94062,0.878377
577.5,1.231072,1.208519,1.136031,1.062639,1.026981,0.986913,0.939189,0.877259
578,1.225448,1.20417,1.133029,1.060575,1.02503,0.985184,0.937843,0.876171
578.5,1.219584,1.199836,1.129925,1.05814,1.023038,0.983417,0.936481,0.875158
579,1.21413,1.195618,1.126895,1.05579,1.021159,0.981684,0.935128,0.874159
579.5,1.209064,1.191616,1.124159,1.05384,1.019354,0.980057,0.933875,0.873064
580,1.203798,1.187574,1.121263,1.051567,1.017456,0.978414,0.932574,0.872059
580.5,1.198701,1.183651,1.11835,1.049277,1.015556,0.976783,0.931229,0.871033
581,1.193971,1.179938,1.115684,1.047328,1.013803,0.975166,0.929964,0.870043
581.5,1.18938,1.1764,1.112933,1.045084,1.012025,0.973577,0.928635,0.868985
582,1.184667,1.17271,1.110323,1.043134,1.010371,0.972071,0.927492,0.868028
582.5,1.180513,1.169517,1.107902,1.041347,1.008714,0.970619,0.926253,0.867084
583,1.176653,1.166397,1.105641,1.039402,1.0072,0.969243,0.925204,0.866183
583.5,1.172863,1.163294,1.103324,1.03765,1.005665,0.967904,0.924058,0.865301
584,1.169069,1.160223,1.10106,1.03597,1.004106,0.966507,0.922978,0.864394
584.5,1.165503,1.157566,1.099028,1.034163,1.002686,0.965289,0.921953,0.863668
585,1.162172,1.154865,1.097012,1.032714,1.001247,0.964101,0.92102,0.862927
585.5,1.15918,1.152417,1.095139,1.031345,0.999964,0.962968,0.920022,0.862124
586,1.156254,1.150147,1.093421,1.029829,0.998807,0.961905,0.919073,0.861436
586.5,1.153796,1.148125,1.091894,1.028672,0.997764,0.960976,0.918276,0.860779
587,1.151352,1.146229,1.090514,1.027541,0.996715,0.960001,0.917452,0.860157
587.5,1.149326,1.144415,1.089254,1.026369,0.995779,0.95909,0.916775,0.859622
588,1.147248,1.142724,1.087963,1.025465,0.994835,0.958205,0.916115,0.859013
588.5,1.14551,1.141358,1.086694,1.024579,0.99403,0.957366,0.915578,0.858551
589,1.144081,1.140217,1.085904,1.023747,0.993371,0.956736,0.915072,0.858173
589.5,1.142822,1.139089,1.085037,1.023142,0.992694,0.956138,0.914451,0.857685
590,1.141714,1.138146,1.084317,1.022432,0.992124,0.95572,0.914008,0.857324
590.5,1.140861,1.137452,1.083614,1.021866,0.991706,0.955274,0.913614,0.856983
591,1.140129,1.136903,1.083047,1.021592,0.99125,0.954826,0.913342,0.856723
591.5,1.139565,1.13642,1.082682,1.021279,0.990918,0.954461,0.913045,0.856471
592,1.139029,1.136029,1.082348,1.020863,0.990535,0.954186,0.912798,0.856262
592.5,1.138656,1.135725,1.082185,1.020773,0.990292,0.95392,0.912566,0.856073
593,1.138571,1.135574,1.082045,1.020631,0.990016,0.953774,0.912365,0.855899
593.5,1.138625,1.135651,1.082037,1.020376,0.989941,0.953624,0.912222,0.855767
594,1.138718,1.135666,1.081939,1.020318,0.989852,0.953466,0.912145,0.855566
594.5,1.13895,1.135841,1.082019,1.020437,0.989814,0.953352,0.912124,0.855477
595,1.139286,1.136159,1.08227,1.02039,0.989845,0.953348,0.912127,0.855579
595.5,1.139691,1.13659,1.082515,1.020671,0.989841,0.953411,0.912162,0.855556
596,1.140218,1.136965,1.082743,1.021004,0.989893,0.9534,0.912158,0.855593
596.5,1.140847,1.137399,1.083002,1.021,0.990063,0.953454,0.912198,0.855537
597,1.141473,1.137918,1.083348,1.02122,0.990198,0.953513,0.912213,0.855522
597.5,1.142071,1.138414,1.083695,1.021502,0.990339,0.953514,0.912242,0.855542
598,1.142874,1.139057,1.084213,1.021645,0.990568,0.95369,0.912433,0.855608
598.5,1.143682,1.139701,1.084658,1.02203,0.990742,0.953803,0.912431,0.855755
599,1.14434,1.140152,1.085018,1.022483,0.990801,0.953879,0.912512,0.855761
599.5,1.144995,1.140729,1.085433,1.022521,0.991045,0.954035,0.91259,0.855815
600,1.1457,1.141297,1.085739,1.022685,0.991171,0.954083,0.912559,0.855789
600.5,1.14626,1.141775,1.085979,1.023123,0.991213,0.954123,0.912655,0.855742
601,1.146755,1.142309,1.086276,1.023234,0.991418,0.954169,0.91281,0.855849
601.5,1.147196,1.142806,1.086552,1.023392,0.991458,0.954216,0.912872,0.855905
602,1.147478,1.142872,1.086607,1.023541,0.991373,0.954097,0.912691,0.855805
602.5,1.147627,1.143075,1.086744,1.023478,0.991348,0.954033,0.91266,0.85571
603,1.14756,1.143137,1.0867,1.023391,0.991267,0.953889,0.912524,0.855503
603.5,1.147346,1.142939,1.086539,1.023415,0.991016,0.953636,0.912229,0.855376
604,1.146978,1.142668,1.08628,1.023028,0.990745,0.953415,0.91203,0.855181
604.5,1.146273,1.142244,1.085986,1.022744,0.990376,0.953067,0.911816,0.854907
605,1.145453,1.141656,1.085499,1.022365,0.989943,0.952568,0.911447,0.854638
605.5,1.144331,1.140764,1.084925,1.021754,0.989463,0.952074,0.911087,0.854377
606,1.142984,1.139617,1.084008,1.021028,0.988839,0.951481,0.910603,0.854025
606.5,1.141347,1.138176,1.082715,1.020338,0.987918,0.950706,0.909967,0.853418
607,1.139416,1.136657,1.081593,1.01925,0.987048,0.949822,0.909241,0.852839
607.5,1.137283,1.134983,1.080411,1.018207,0.986124,0.949008,0.908513,0.852237
608,1.134673,1.133031,1.0788,1.017061,0.984995,0.948015,0.907648,0.851517
608.5,1.1319,1.130908,1.077229,1.015631,0.983777,0.947045,0.906746,0.850795
609,1.128667,1.128302,1.075337,1.013942,0.982412,0.945776,0.905704,0.849841
609.5,1.125111,1.125491,1.073254,1.012537,0.980967,0.944358,0.904591,0.848948
610,1.12138,1.122565,1.070989,1.010852,0.979448,0.942937,0.903456,0.848009
610.5,1.117136,1.119291,1.068506,1.008751,0.977653,0.941305,0.902038,0.846888
611,1.112676,1.115704,1.065725,1.006653,0.975721,0.939492,0.900561,0.845678
611.5,1.107603,1.11159,1.062595,1.00436,0.973541,0.93755,0.898877,0.844427
612,1.102323,1.107086,1.059293,1.001596,0.971244,0.935462,0.897138,0.842909
612.5,1.096504,1.102329,1.055633,0.998675,0.96877,0.933158,0.895244,0.841488
613,1.090798,1.097562,1.051908,0.995827,0.966217,0.930905,0.893313,0.839982
613.5,1.084671,1.092584,1.048045,0.992619,0.963502,0.928386,0.891344,0.838361
614,1.078052,1.08695,1.043751,0.98903,0.960294,0.925639,0.88908,0.836508
614.5,1.071409,1.08139,1.039434,0.985765,0.957189,0.922951,0.886767,0.83463
615,1.064192,1.075313,1.034624,0.981841,0.953782,0.920036,0.884324,0.832607
615.5,1.05679,1.069156,1.029819,0.977859,0.950436,0.916985,0.88176,0.830378
616,1.048903,1.062604,1.024669,0.973911,0.94675,0.913655,0.878898,0.827972
616.5,1.041018,1.055986,1.01944,0.969699,0.943114,0.910413,0.876101,0.825739
617,1.033084,1.049398,1.014248,0.965329,0.939499,0.907135,0.873222,0.823491
617.5,1.024234,1.041844,1.008305,0.960642,0.93531,0.903382,0.869954,0.820837
618,1.015353,1.034147,1.002228,0.956,0.931001,0.89954,0.866672,0.8182
618.5,1.005883,1.026102,0.995891,0.95059,0.92645,0.89542,0.863253,0.815406
619,0.996539,1.018083,0.989554,0.945273,0.921833,0.891223,0.85974,0.812519
619.5,0.986907,1.009819,0.982847,0.940116,0.917128,0.886971,0.855999,0.809506
620,0.977177,1.001341,0.976102,0.9345,0.912247,0.88261,0.852247,0.806489
620.5,0.967372,0.99283,0.969152,0.928625,0.907272,0.878112,0.848377,0.803336
621,0.956754,0.98347,0.961568,0.922506,0.901776,0.873184,0.844069,0.799795
621.5,0.946466,0.974159,0.954018,0.916437,0.896338,0.86832,0.839976,0.796354
622,0.935579,0.964346,0.94584,0.909518,0.890384,0.862948,0.835476,0.79261
622.5,0.924924,0.954953,0.937847,0.902849,0.884508,0.857771,0.830969,0.788865
623,0.913195,0.944696,0.929207,0.895834,0.878064,0.852106,0.825918,0.784756
623.5,0.901903,0.93464,0.921031,0.888723,0.871958,0.846607,0.821101,0.780776
624,0.889714,0.923666,0.911935,0.881117,0.865304,0.840454,0.815723,0.776326
624.5,0.878246,0.913286,0.903276,0.874173,0.858804,0.834585,0.810554,0.772073
625,0.866571,0.902685,0.894362,0.86674,0.852272,0.828604,0.805399,0.767733
625.5,0.854978,0.892192,0.885429,0.85904,0.845586,0.822597,0.800105,0.76329
626,0.843419,0.881825,0.876579,0.851592,0.83885,0.816602,0.794715,0.758743
626.5,0.831907,0.871388,0.86757,0.844076,0.831981,0.810517,0.789345,0.754226
627,0.820922,0.86124,0.858971,0.836439,0.825419,0.804599,0.783999,0.74982
627.5,0.808675,0.850022,0.849302,0.828237,0.817992,0.79793,0.778025,0.74501
628,0.797565,0.839816,0.840458,0.821003,0.811313,0.791855,0.772583,0.740528
628.5,0.786251,0.829234,0.831307,0.813134,0.804455,0.785515,0.767057,0.735899
629,0.774984,0.818717,0.822171,0.805219,0.797432,0.77917,0.761414,0.731125
629.5,0.764498,0.808847,0.813587,0.798043,0.790829,0.773172,0.75604,0.726615
630,0.753663,0.798673,0.804684,0.790297,0.783992,0.767001,0.750518,0.722012
630.5,0.743393,0.789079,0.7961,0.782739,0.777411,0.761118,0.745153,0.717555
631,0.73359,0.78012,0.788083,0.775875,0.771084,0.755483,0.740058,0.713269
631.5,0.723417,0.77078,0.779754,0.768903,0.764495,0.749641,0.734777,0.708839
632,0.714013,0.76186,0.772172,0.762135,0.758553,0.744259,0.729949,0.704847
632.5,0.704915,0.753247,0.76462,0.755644,0.752771,0.738934,0.725229,0.700881
633,0.696081,0.744909,0.757254,0.749597,0.747246,0.733899,0.720794,0.697385
633.5,0.688639,0.737943,0.751112,0.74436,0.742842,0.730025,0.717481,0.6949
634,0.682431,0.732275,0.746209,0.740179,0.739529,0.72723,0.715168,0.693331
634.5,0.675389,0.725802,0.74053,0.735503,0.735338,0.723576,0.712053,0.69088
635,0.665062,0.716034,0.731658,0.727725,0.727939,0.716818,0.7056,0.685302
635.5,0.653046,0.704439,0.72085,0.717607,0.718406,0.707754,0.696947,0.677407
636,0.64041,0.692214,0.709296,0.706918,0.708246,0.697916,0.687576,0.668634
636.5,0.627308,0.679401,0.697205,0.695878,0.697595,0.687604,0.677742,0.659439
637,0.614716,0.666887,0.685363,0.684779,0.68707,0.677524,0.668007,0.650309
637.5,0.602423,0.654712,0.673732,0.673681,0.676628,0.667482,0.658296,0.641147
638,0.589664,0.642296,0.66169,0.662457,0.665747,0.657112,0.648222,0.631613
638.5,0.575444,0.628526,0.648324,0.649926,0.653528,0.645471,0.636869,0.62085
639,0.562389,0.615876,0.636036,0.638063,0.642223,0.634645,0.626265,0.611036
639.5,0.549477,0.603124,0.623862,0.626356,0.630892,0.623673,0.61568,0.601222
640,0.53612,0.589941,0.611125,0.61457,0.61908,0.612247,0.604703,0.590833
640.5,0.523175,0.577124,0.598799,0.602801,0.607728,0.601112,0.593986,0.580577
641,0.51119,0.565205,0.587237,0.591607,0.597089,0.590735,0.584006,0.570912
641.5,0.499469,0.553348,0.575746,0.580655,0.586439,0.580346,0.574094,0.561273
642,0.487836,0.541819,0.564389,0.570011,0.576017,0.570306,0.564324,0.551962
642.5,0.477536,0.531742,0.554392,0.560407,0.566864,0.561502,0.555667,0.543704
643,0.467383,0.521828,0.544683,0.550937,0.557702,0.552829,0.547131,0.535563
643.5,0.457362,0.512081,0.535272,0.541947,0.548807,0.544337,0.538896,0.527635
644,0.449015,0.503904,0.527458,0.534598,0.541507,0.537238,0.531936,0.52113
644.5,0.441166,0.496205,0.520018,0.527427,0.534718,0.530571,0.525523,0.51497
645,0.433817,0.488902,0.513033,0.520735,0.528345,0.524353,0.519516,0.5092
645.5,0.42748,0.482701,0.507006,0.51529,0.522876,0.519047,0.514422,0.504399
646,0.42145,0.476876,0.501346,0.509914,0.517778,0.514218,0.509656,0.500087
646.5,0.416292,0.47176,0.496487,0.505125,0.513416,0.510041,0.50562,0.4963
647,0.411706,0.467261,0.492215,0.501237,0.509641,0.506411,0.502179,0.493105
647.5,0.40783,0.463373,0.48859,0.498091,0.506486,0.503453,0.499375,0.490666
648,0.404698,0.460352,0.485665,0.495316,0.503927,0.501061,0.497172,0.488795
648.5,0.401543,0.457266,0.482677,0.492493,0.501431,0.498751,0.49499,0.486884
649,0.399086,0.454797,0.48037,0.490681,0.499548,0.497058,0.493459,0.485489
649.5,0.396997,0.452712,0.478423,0.488951,0.498043,0.495689,0.492298,0.484594
650,0.395383,0.451179,0.477066,0.4875,0.496933,0.494777,0.491461,0.483995
650.5,0.393767,0.449604,0.475562,0.48636,0.495792,0.49375,0.490633,0.483397
651,0.392668,0.44853,0.474566,0.485715,0.495175,0.493236,0.49022,0.483133
651.5,0.391858,0.447721,0.473881,0.485032,0.494693,0.492997,0.490023,0.483164
652,0.390973,0.446879,0.473109,0.484292,0.494177,0.492611,0.489756,0.483017
652.5,0.390198,0.446135,0.472421,0.483975,0.493779,0.492316,0.489574,0.482971
653,0.389723,0.445647,0.472073,0.483869,0.49362,0.492259,0.489593,0.483238
653.5,0.389287,0.44525,0.471701,0.483418,0.493485,0.492265,0.489664,0.483406
654,0.388748,0.444808,0.47125,0.483107,0.493325,0.492162,0.489715,0.483548
654.5,0.388352,0.444465,0.470969,0.483214,0.493299,0.492232,0.489874,0.483908
655,0.38827,0.444361,0.470974,0.483195,0.493499,0.492512,0.490214,0.484372
655.5,0.388104,0.444058,0.470689,0.48288,0.493408,0.492494,0.49027,0.484536
656,0.387783,0.443672,0.470339,0.48275,0.493233,0.492423,0.490276,0.484634
656.5,0.387696,0.443626,0.470424,0.483056,0.493475,0.492723,0.490599,0.485105
657,0.387728,0.443705,0.470589,0.483117,0.493712,0.493052,0.490974,0.485574
657.5,0.387526,0.44345,0.470375,0.482802,0.493596,0.493013,0.490962,0.485723
658,0.387194,0.443154,0.470042,0.482823,0.493398,0.492973,0.490946,0.485801
658.5,0.387179,0.443071,0.470061,0.482985,0.493561,0.493149,0.491198,0.486151
659,0.38715,0.443065,0.470068,0.482876,0.493703,0.493291,0.491404,0.486467
659.5,0.386954,0.442867,0.469972,0.482743,0.493654,0.493234,0.491489,0.486636
660,0.38678,0.442733,0.469801,0.482802,0.493657,0.493311,0.491629,0.486826
660.5,0.386847,0.442726,0.469866,0.482961,0.493838,0.49355,0.491879,0.487127
661,0.386774,0.442618,0.469792,0.482744,0.493831,0.493607,0.491965,0.487246
661.5,0.386463,0.442376,0.469468,0.482421,0.49365,0.493466,0.491855,0.487196
662,0.386301,0.442222,0.469282,0.482636,0.493556,0.493442,0.491856,0.487331
662.5,0.38635,0.442203,0.469391,0.482783,0.493705,0.493652,0.492066,0.487599
663,0.386219,0.442051,0.46934,0.482452,0.493649,0.493637,0.492096,0.487651
663.5,0.385938,0.441787,0.469094,0.482303,0.493435,0.493455,0.491932,0.48754
664,0.385757,0.441591,0.468891,0.4823,0.493403,0.493391,0.491915,0.487538
664.5,0.385776,0.441589,0.468867,0.482311,0.493471,0.493447,0.492011,0.487781
665,0.385667,0.441424,0.468695,0.482058,0.493347,0.493394,0.49194,0.487815
665.5,0.385327,0.441117,0.46841,0.481785,0.493091,0.493164,0.491771,0.487668
666,0.385296,0.441031,0.468443,0.482001,0.493071,0.493202,0.491854,0.487764
666.5,0.38531,0.441037,0.468418,0.481967,0.493112,0.49322,0.491942,0.487879
667,0.385142,0.440868,0.468248,0.481512,0.493051,0.493107,0.49187,0.487826
667.5,0.384684,0.440486,0.467899,0.481198,0.492652,0.492816,0.491597,0.487558
668,0.384419,0.44025,0.467718,0.481313,0.492537,0.492671,0.491487,0.487507
668.5,0.384496,0.440215,0.467687,0.481259,0.492532,0.492696,0.491568,0.487582
669,0.384362,0.440005,0.467485,0.48092,0.492324,0.49257,0.491398,0.487467
669.5,0.383992,0.439596,0.467093,0.480595,0.492012,0.492277,0.491096,0.487213
670,0.383893,0.439458,0.466969,0.480637,0.491959,0.492238,0.491071,0.487253
670.5,0.383837,0.4394,0.466949,0.480555,0.491945,0.492184,0.491035,0.48724
671,0.383536,0.439116,0.466631,0.480033,0.491555,0.491844,0.490769,0.486969
671.5,0.383221,0.43876,0.466329,0.479801,0.491232,0.491533,0.490453,0.486748
672,0.38313,0.438606,0.466272,0.479928,0.491204,0.491427,0.490378,0.486737
672.5,0.383019,0.43846,0.466137,0.479662,0.491039,0.491325,0.490286,0.486649
673,0.382679,0.43813,0.465679,0.47914,0.490657,0.491026,0.489962,0.486307
673.5,0.382271,0.437669,0.465249,0.478835,0.490243,0.490656,0.489601,0.48588
674,0.382086,0.437515,0.465124,0.478798,0.490117,0.490517,0.489513,0.485815
674.5,0.381965,0.437436,0.464996,0.478619,0.489999,0.490365,0.489403,0.485786
675,0.381598,0.437013,0.464608,0.478073,0.489537,0.489926,0.488984,0.485374
675.5,0.381246,0.43665,0.464248,0.477804,0.489154,0.489645,0.48868,0.485095
676,0.381151,0.436528,0.464116,0.477869,0.489054,0.489542,0.488591,0.485037
676.5,0.380971,0.436337,0.46393,0.477484,0.488878,0.489311,0.488379,0.48482
677,0.380572,0.435888,0.463486,0.47693,0.488385,0.488871,0.487977,0.484353
677.5,0.380187,0.43551,0.46305,0.476778,0.488004,0.488502,0.487658,0.484057
678,0.380025,0.435343,0.462898,0.476683,0.487955,0.488396,0.487552,0.483982
678.5,0.379773,0.435057,0.462682,0.476245,0.487713,0.4881,0.487275,0.483739
679,0.379322,0.434616,0.462257,0.475792,0.487243,0.487649,0.486828,0.483343
679.5,0.379046,0.43427,0.461849,0.475452,0.486904,0.487292,0.486499,0.483031
680,0.379001,0.434228,0.461814,0.475537,0.48682,0.487221,0.486477,0.482983
680.5,0.378708,0.433919,0.461493,0.475,0.486486,0.486901,0.486116,0.482624
681,0.3782,0.4334,0.461,0.474365,0.485964,0.486417,0.485631,0.482131
681.5,0.377835,0.432997,0.460675,0.474355,0.485621,0.486093,0.485331,0.481825
682,0.377793,0.432848,0.460519,0.474281,0.485447,0.485941,0.485189,0.481704
682.5,0.37751,0.432567,0.460195,0.473659,0.485133,0.485604,0.484832,0.48136
683,0.376958,0.432062,0.459633,0.473127,0.484613,0.485015,0.484231,0.480838
683.5,0.376559,0.431587,0.459213,0.472841,0.4842,0.484612,0.483881,0.480495
684,0.37644,0.431421,0.459082,0.472766,0.484092,0.4845,0.483764,0.480372
684.5,0.376204,0.431257,0.45885,0.472445,0.483749,0.484211,0.483481,0.479992
685,0.375703,0.430763,0.458313,0.471807,0.483202,0.483699,0.482909,0.47954
685.5,0.37527,0.430312,0.45791,0.471502,0.482795,0.483268,0.482579,0.479185
686,0.375157,0.430166,0.457715,0.471519,0.482623,0.483038,0.482407,0.479054
686.5,0.374872,0.429838,0.45737,0.470958,0.48224,0.482721,0.482065,0.478735
687,0.374365,0.429296,0.456836,0.470297,0.481666,0.482176,0.48152,0.478185
687.5,0.37398,0.428827,0.45637,0.470114,0.481229,0.481736,0.481063,0.477753
688,0.37378,0.428666,0.456234,0.469925,0.481046,0.481513,0.480851,0.477565
688.5,0.37358,0.428472,0.455967,0.469545,0.4808,0.481264,0.480645,0.477323
689,0.373079,0.427992,0.455487,0.469016,0.480216,0.480736,0.480092,0.476757
689.5,0.372509,0.427449,0.454969,0.468449,0.479737,0.48019,0.479595,0.476197
690,0.372312,0.42722,0.454776,0.468385,0.479577,0.48,0.479392,0.476011
690.5,0.372081,0.426912,0.454484,0.468163,0.479233,0.479686,0.479104,0.475728
691,0.371526,0.426405,0.453972,0.467425,0.478709,0.479149,0.478586,0.475193
691.5,0.370973,0.425895,0.453385,0.466892,0.478059,0.478522,0.477977,0.47464
692,0.370795,0.425656,0.453133,0.466811,0.477837,0.47821,0.477681,0.474413
692.5,0.370617,0.425486,0.452954,0.466501,0.477643,0.478069,0.477477,0.47421
693,0.37013,0.424963,0.452443,0.465801,0.477099,0.477486,0.476982,0.473637
693.5,0.369512,0.424281,0.451802,0.465245,0.476426,0.476838,0.476356,0.472969
694,0.369242,0.423971,0.451479,0.464992,0.476027,0.47659,0.476076,0.472701
694.5,0.36908,0.423797,0.451301,0.464845,0.475792,0.476367,0.475824,0.472535
695,0.368618,0.42333,0.450881,0.464303,0.475356,0.475868,0.475318,0.472048
695.5,0.368008,0.422665,0.450195,0.46346,0.47472,0.475236,0.474654,0.471386
696,0.367692,0.422366,0.449823,0.463288,0.474366,0.474819,0.474276,0.471072
696.5,0.367532,0.422193,0.449676,0.463201,0.474092,0.474586,0.474065,0.470756
697,0.367063,0.421746,0.449217,0.462466,0.473608,0.474087,0.473528,0.470231
697.5,0.366423,0.421057,0.448572,0.461788,0.472941,0.473371,0.472828,0.469554
698,0.365926,0.420609,0.44809,0.461541,0.47252,0.47301,0.472454,0.46916
698.5,0.365729,0.420353,0.447877,0.461289,0.472273,0.472852,0.472253,0.468922
699,0.365428,0.419998,0.447443,0.46077,0.471858,0.47231,0.471777,0.468439
699.5,0.364759,0.419288,0.446741,0.459974,0.471126,0.471606,0.471052,0.467726
700,0.364296,0.418864,0.446279,0.459605,0.4707,0.471138,0.470625,0.467377
700.5,0.364146,0.418662,0.446118,0.459661,0.470524,0.470902,0.47042,0.467234
701,0.363737,0.418261,0.445753,0.459126,0.470061,0.470456,0.46995,0.466802
701.5,0.36308,0.417568,0.445064,0.458211,0.469303,0.469745,0.469232,0.466044
702,0.362556,0.417041,0.44449,0.457821,0.468783,0.469244,0.468723,0.465493
702.5,0.362371,0.416841,0.444249,0.457698,0.468534,0.468961,0.46851,0.465264
703,0.362107,0.416476,0.443885,0.457257,0.468175,0.468615,0.468159,0.464903
703.5,0.36146,0.415756,0.443193,0.456515,0.467462,0.467892,0.467384,0.464174
704,0.360796,0.415087,0.442588,0.455878,0.466809,0.46724,0.466796,0.463556
704.5,0.3605,0.414882,0.44241,0.455676,0.466625,0.467031,0.466578,0.463367
705,0.360372,0.414772,0.442215,0.455574,0.466388,0.466759,0.466331,0.463104
705.5,0.359929,0.414304,0.441733,0.454937,0.465789,0.466244,0.465761,0.462521
706,0.359242,0.413646,0.441046,0.454077,0.465139,0.465567,0.465093,0.461848
706.5,0.358843,0.413229,0.440667,0.453903,0.464787,0.465155,0.464705,0.461459
707,0.358632,0.412963,0.440439,0.453802,0.464522,0.464901,0.464447,0.461189
707.5,0.35817,0.412461,0.439921,0.453051,0.463975,0.464345,0.463893,0.460688
708,0.357432,0.41177,0.439172,0.452295,0.463152,0.4636,0.463104,0.459906
708.5,0.356827,0.411132,0.438604,0.451781,0.462546,0.462992,0.462503,0.459356
709,0.356601,0.410921,0.438341,0.451521,0.462327,0.462734,0.462281,0.459126
709.5,0.356354,0.410656,0.438016,0.451284,0.462029,0.462477,0.461936,0.45881
710,0.355779,0.410013,0.4374,0.450585,0.461325,0.461762,0.461298,0.458147
710.5,0.355155,0.409352,0.436798,0.449767,0.460643,0.461131,0.46066,0.45751
711,0.354805,0.408963,0.436435,0.4496,0.460359,0.460794,0.460332,0.457117
711.5,0.35464,0.408722,0.436176,0.44951,0.460109,0.460484,0.460074,0.456786
712,0.354091,0.40819,0.435633,0.448793,0.459509,0.459867,0.4595,0.456269
712.5,0.353435,0.407577,0.434967,0.447916,0.458828,0.459163,0.458799,0.455606
713,0.35292,0.407058,0.434458,0.447587,0.458289,0.458698,0.458332,0.455111
713.5,0.352673,0.406804,0.434202,0.447416,0.458025,0.458472,0.458015,0.454858
714,0.352411,0.406492,0.433887,0.447027,0.457723,0.458148,0.457673,0.454532
714.5,0.35182,0.405924,0.433288,0.446359,0.457081,0.457396,0.457009,0.453873
715,0.350993,0.405129,0.432498,0.445513,0.456283,0.456605,0.456208,0.453104
715.5,0.35056,0.40474,0.432051,0.445108,0.455844,0.456217,0.45581,0.452719
716,0.350485,0.404523,0.431921,0.445134,0.455577,0.456008,0.455664,0.452491
716.5,0.349999,0.404019,0.431371,0.444611,0.455056,0.455377,0.455097,0.451895
717,0.3492,0.403298,0.430606,0.443603,0.454383,0.454722,0.454347,0.451153
717.5,0.348673,0.402713,0.430107,0.443065,0.453807,0.454186,0.453806,0.450658
718,0.34846,0.402417,0.42979,0.443032,0.453481,0.453857,0.453494,0.4503
718.5,0.348062,0.402025,0.429378,0.442426,0.453039,0.453342,0.453064,0.449867
719,0.347379,0.401325,0.428636,0.441596,0.452298,0.452562,0.452266,0.449106
719.5,0.346667,0.400638,0.427957,0.44097,0.451587,0.451909,0.45159,0.448431
720,0.346251,0.40021,0.427569,0.440598,0.451241,0.451604,0.451266,0.448064
720.5,0.346089,0.400063,0.427374,0.440471,0.450999,0.451431,0.451039,0.447824
721,0.345581,0.399562,0.426849,0.439969,0.450341,0.450791,0.450428,0.44715
721.5,0.344818,0.398754,0.42604,0.43898,0.449555,0.449934,0.449623,0.446399
722,0.34434,0.398285,0.425525,0.438437,0.449128,0.449509,0.449144,0.445988
722.5,0.344166,0.398138,0.425343,0.438541,0.44893,0.449335,0.448979,0.445804
723,0.343775,0.397656,0.424938,0.43809,0.44842,0.448824,0.448469,0.445357
723.5,0.343042,0.396987,0.424253,0.437082,0.447711,0.44807,0.44773,0.444657
724,0.342396,0.396253,0.423525,0.43641,0.44699,0.447362,0.447001,0.443915
724.5,0.342035,0.395882,0.423129,0.43619,0.446612,0.447007,0.446617,0.443541
725,0.341785,0.395618,0.422909,0.435878,0.446331,0.446711,0.446363,0.443247
725.5,0.341355,0.395126,0.422361,0.435344,0.445689,0.446126,0.445804,0.442644
726,0.340624,0.394354,0.421604,0.434508,0.444947,0.445335,0.445026,0.441862
726.5,0.34001,0.393845,0.421062,0.433874,0.444484,0.444794,0.444499,0.441384
727,0.339901,0.39368,0.420893,0.433892,0.444293,0.44462,0.444279,0.44116
727.5,0.339589,0.393312,0.420509,0.433646,0.443787,0.444165,0.443772,0.440659
728,0.338823,0.392579,0.419741,0.432625,0.442979,0.443392,0.442984,0.439852
728.5,0.338211,0.391948,0.419113,0.431838,0.442382,0.442756,0.442375,0.439254
729,0.33792,0.391588,0.418779,0.431702,0.442076,0.442415,0.442106,0.438976
729.5,0.33764,0.391312,0.418497,0.431527,0.441765,0.442132,0.441852,0.438655
730,0.337167,0.390843,0.418025,0.430849,0.441199,0.441606,0.441301,0.438088
730.5,0.336445,0.390091,0.417247,0.430026,0.440356,0.440761,0.440499,0.437266
731,0.335808,0.389467,0.416668,0.429428,0.439788,0.440159,0.439873,0.43663
731.5,0.335509,0.389177,0.416427,0.429196,0.439551,0.439916,0.439638,0.436435
732,0.335315,0.389021,0.416215,0.429204,0.439344,0.439637,0.439371,0.436215
732.5,0.334754,0.388471,0.415614,0.428641,0.43869,0.43892,0.438641,0.435465
733,0.33397,0.387641,0.414846,0.42754,0.437872,0.438201,0.43793,0.434735
733.5,0.333509,0.387196,0.41434,0.427035,0.437465,0.437796,0.437525,0.434325
734,0.333339,0.387021,0.414151,0.427177,0.437247,0.437577,0.437269,0.434132
734.5,0.333042,0.386672,0.413823,0.426797,0.436779,0.437171,0.436867,0.433689
735,0.332469,0.386082,0.413235,0.425875,0.43622,0.436558,0.436211,0.433009
735.5,0.331781,0.385384,0.412552,0.425118,0.435545,0.435833,0.435525,0.43233
736,0.331364,0.384931,0.412135,0.424823,0.435101,0.435394,0.435132,0.431979
736.5,0.331157,0.38475,0.411921,0.424658,0.434843,0.435169,0.434915,0.43173
737,0.330828,0.384408,0.411518,0.424262,0.434426,0.43473,0.434414,0.431282
737.5,0.33014,0.383656,0.410782,0.423509,0.433702,0.433962,0.433648,0.430512
738,0.329466,0.382982,0.410142,0.422621,0.43304,0.43332,0.433024,0.429873
738.5,0.32922,0.382745,0.409906,0.422442,0.432748,0.433048,0.432775,0.429645
739,0.329099,0.38265,0.409748,0.422627,0.432553,0.43289,0.432583,0.429467
739.5,0.328622,0.382148,0.409212,0.422131,0.432,0.432305,0.432003,0.428911
740,0.327925,0.381425,0.408505,0.421049,0.431238,0.431524,0.431291,0.42814
740.5,0.327457,0.380885,0.40795,0.420525,0.430716,0.431037,0.430796,0.427573
741,0.327201,0.3806,0.407638,0.420485,0.430433,0.430789,0.430476,0.427354
741.5,0.326882,0.380303,0.407371,0.420192,0.430112,0.43041,0.430097,0.426975
742,0.326309,0.379682,0.406772,0.419442,0.429491,0.429773,0.429459,0.426263
742.5,0.325632,0.379003,0.406046,0.41867,0.42874,0.42905,0.428725,0.425572
743,0.325152,0.378524,0.405634,0.418116,0.428292,0.428598,0.428303,0.425133
743.5,0.324997,0.378335,0.405374,0.41799,0.428109,0.428416,0.42813,0.424944
744,0.324758,0.3781,0.405122,0.417998,0.427746,0.428072,0.42776,0.424656
744.5,0.32401,0.377342,0.404423,0.417195,0.426932,0.427258,0.426915,0.423839
745,0.323202,0.376547,0.403568,0.415995,0.426112,0.426469,0.426126,0.423018
745.5,0.32287,0.376182,0.403211,0.415666,0.42581,0.426104,0.425791,0.422703
746,0.322647,0.37595,0.402976,0.415775,0.425575,0.425784,0.425529,0.422461
746.5,0.322165,0.375458,0.402479,0.415181,0.424991,0.425261,0.424997,0.421873
747,0.321407,0.374693,0.401691,0.41416,0.424204,0.424499,0.424255,0.421114
747.5,0.320759,0.374032,0.401034,0.413521,0.423505,0.423853,0.423564,0.420403
748,0.320359,0.373664,0.400643,0.413183,0.423182,0.423455,0.423171,0.420048
748.5,0.320159,0.373448,0.400454,0.413004,0.422918,0.423181,0.422935,0.419844
749,0.319725,0.372968,0.399983,0.41264,0.422348,0.422607,0.422402,0.419262
749.5,0.318953,0.372174,0.399197,0.411741,0.42153,0.421802,0.421607,0.418407
750,0.31834,0.371543,0.398536,0.410819,0.420981,0.421266,0.421017,0.417811
750.5,0.318111,0.371317,0.398342,0.410708,0.420775,0.421086,0.420826,0.417672
751,0.31796,0.371137,0.398197,0.4109,0.42057,0.420799,0.420574,0.417426
751.5,0.317437,0.370588,0.397606,0.410377,0.419936,0.420217,0.419913,0.416744
752,0.31675,0.369927,0.396901,0.409263,0.419221,0.419507,0.419223,0.416052
752.5,0.316274,0.369424,0.396405,0.408676,0.418721,0.419017,0.418772,0.415592
753,0.316016,0.369137,0.396101,0.408626,0.418415,0.418697,0.418475,0.415278
753.5,0.315796,0.368887,0.395806,0.408484,0.418155,0.418367,0.418189,0.414972
754,0.315327,0.368409,0.395272,0.407887,0.417624,0.41785,0.417633,0.414415
754.5,0.314616,0.367707,0.394615,0.407098,0.416854,0.417098,0.416886,0.413694
755,0.313958,0.367102,0.394019,0.406256,0.416274,0.416496,0.416279,0.413097
755.5,0.313778,0.366918,0.39383,0.406073,0.41612,0.416326,0.416066,0.412933
756,0.313655,0.366764,0.393663,0.40623,0.41583,0.416121,0.415844,0.412711
756.5,0.313209,0.3663,0.393103,0.405915,0.41527,0.415525,0.415217,0.412114
757,0.312434,0.365542,0.392389,0.404776,0.414532,0.414762,0.414472,0.411291
757.5,0.311958,0.364987,0.391861,0.403956,0.414064,0.41422,0.414002,0.410853
758,0.311793,0.364788,0.391608,0.404027,0.413832,0.414025,0.413811,0.410687
758.5,0.311566,0.364562,0.391444,0.404139,0.41351,0.413782,0.413579,0.410401
759,0.311093,0.364071,0.391006,0.403481,0.413005,0.413263,0.413073,0.409883
759.5,0.310551,0.363547,0.390448,0.402622,0.412454,0.412672,0.412481,0.40927
760,0.310042,0.362996,0.389891,0.402097,0.41188,0.412129,0.41196,0.408732
760.5,0.309667,0.362556,0.389482,0.40172,0.411473,0.411739,0.411619,0.408386
761,0.309496,0.362415,0.38935,0.401696,0.411223,0.41151,0.411432,0.408224
761.5,0.309128,0.361992,0.388899,0.401405,0.410715,0.411051,0.410907,0.40771
762,0.308492,0.361283,0.388125,0.400685,0.410006,0.410296,0.410037,0.406879
762.5,0.307783,0.360658,0.387478,0.39959,0.409394,0.409647,0.409345,0.406249
763,0.307555,0.36047,0.387312,0.399359,0.409272,0.409474,0.409203,0.406111
763.5,0.3074,0.360289,0.387161,0.399617,0.409044,0.409316,0.409025,0.405934
764,0.30702,0.359864,0.38669,0.399338,0.4085,0.40875,0.408472,0.405386
764.5,0.306269,0.359142,0.385969,0.398172,0.407763,0.407988,0.407725,0.404637
765,0.30579,0.358613,0.385445,0.397465,0.407249,0.407465,0.407262,0.404098
765.5,0.305543,0.358347,0.385182,0.397365,0.406969,0.407226,0.406918,0.403786
766,0.305368,0.358164,0.384963,0.397354,0.406798,0.407019,0.40674,0.40364
766.5,0.305019,0.357813,0.384625,0.39698,0.406367,0.406617,0.406389,0.403248
767,0.304422,0.357223,0.383999,0.396346,0.405698,0.405955,0.405681,0.402518
767.5,0.303684,0.356382,0.38322,0.395328,0.404914,0.405156,0.4049,0.401715
768,0.303309,0.356016,0.382875,0.39481,0.404565,0.404809,0.404622,0.4014
768.5,0.303245,0.355989,0.382771,0.39502,0.404452,0.404656,0.404512,0.401322
769,0.303001,0.35571,0.382466,0.395128,0.404104,0.404319,0.404189,0.400958
769.5,0.30234,0.355089,0.381762,0.394263,0.403316,0.403566,0.403408,0.400194
770,0.301712,0.354395,0.381162,0.393072,0.402736,0.402978,0.402859,0.39961
770.5,0.301427,0.354172,0.380896,0.392919,0.402543,0.402714,0.402561,0.399293
771,0.3013,0.354024,0.380713,0.393132,0.402329,0.402544,0.402362,0.39909
771.5,0.300892,0.35361,0.380337,0.392798,0.40187,0.402095,0.401917,0.39866
772,0.30038,0.353051,0.37981,0.391908,0.401278,0.401504,0.401323,0.39805
772.5,0.299817,0.352465,0.379188,0.391179,0.400638,0.400836,0.400621,0.397411
773,0.299341,0.351995,0.378702,0.390655,0.400229,0.400444,0.400283,0.397033
773.5,0.299234,0.351884,0.378572,0.390694,0.400105,0.400341,0.40012,0.396888
774,0.298986,0.351641,0.378319,0.390649,0.399795,0.399973,0.39981,0.396581
774.5,0.298404,0.351042,0.377673,0.390131,0.399093,0.399264,0.39911,0.395923
775,0.29771,0.350308,0.37694,0.388864,0.398333,0.398501,0.398379,0.39514
775.5,0.297474,0.350051,0.376727,0.388443,0.39812,0.398347,0.398211,0.394928
776,0.297359,0.349962,0.376617,0.388755,0.397982,0.398228,0.398072,0.394813
776.5,0.297118,0.34971,0.376334,0.38889,0.39761,0.397951,0.397701,0.394471
777,0.296525,0.349106,0.375742,0.388025,0.396979,0.397279,0.397079,0.393791
777.5,0.29601,0.348586,0.375257,0.38703,0.396502,0.396702,0.396541,0.393257
778,0.295627,0.348164,0.374833,0.386664,0.39603,0.396268,0.396151,0.392842
778.5,0.295339,0.347898,0.374507,0.386545,0.395777,0.396019,0.395856,0.392655
779,0.295122,0.347681,0.374332,0.386472,0.395526,0.395715,0.395576,0.392371
779.5,0.294764,0.347286,0.373932,0.386057,0.395089,0.395259,0.395136,0.391912
780,0.294182,0.346668,0.373298,0.385499,0.394424,0.394577,0.39446,0.391227
780.5,0.293499,0.345958,0.3726,0.384392,0.393762,0.393917,0.393829,0.390534
781,0.293341,0.345784,0.37244,0.384113,0.393649,0.393804,0.393727,0.390405
781.5,0.293303,0.345737,0.372311,0.384368,0.393525,0.393669,0.393603,0.390359
782,0.293008,0.345466,0.372036,0.384506,0.393138,0.393282,0.393216,0.389979
782.5,0.292327,0.34479,0.371344,0.383615,0.392392,0.392555,0.392464,0.389183
783,0.29182,0.344224,0.370842,0.382439,0.391902,0.391999,0.391943,0.388657
783.5,0.291609,0.343996,0.370506,0.382216,0.391639,0.391765,0.391669,0.388434
784,0.291446,0.343834,0.370371,0.38245,0.391474,0.391637,0.391483,0.388261
784.5,0.291185,0.343567,0.370093,0.382455,0.391073,0.391294,0.391139,0.387894
785,0.290711,0.34306,0.369633,0.381648,0.39054,0.390726,0.390625,0.387367
785.5,0.290289,0.342573,0.369162,0.381016,0.390088,0.390177,0.390123,0.386797
786,0.289694,0.341962,0.368525,0.380216,0.389482,0.389558,0.389537,0.386173
786.5,0.289415,0.341721,0.368294,0.379968,0.389279,0.389339,0.389294,0.38599
787,0.289295,0.341595,0.368101,0.3801,0.389095,0.389177,0.389122,0.385831
787.5,0.288948,0.34128,0.367779,0.380087,0.388694,0.388818,0.388729,0.385425
788,0.288232,0.340509,0.366996,0.379235,0.387872,0.38798,0.387902,0.384578
788.5,0.287674,0.33992,0.366451,0.378009,0.387306,0.387407,0.38739,0.384033
789,0.287515,0.339764,0.366274,0.377905,0.387172,0.387249,0.387225,0.383884
789.5,0.287385,0.339622,0.366102,0.37826,0.38695,0.387076,0.387037,0.383718
790,0.287069,0.339284,0.36573,0.378228,0.386505,0.386662,0.386582,0.383263
790.5,0.28645,0.338655,0.365097,0.376989,0.385888,0.386043,0.385988,0.38261
791,0.286029,0.338232,0.364694,0.376347,0.385455,0.385629,0.385537,0.382184
791.5,0.285567,0.33777,0.364262,0.375888,0.384953,0.385131,0.385061,0.381739
792,0.285438,0.33762,0.364099,0.375947,0.38478,0.384975,0.384884,0.381558
792.5,0.285178,0.337359,0.363813,0.375725,0.384449,0.38466,0.38457,0.381219
793,0.28481,0.336967,0.363431,0.375462,0.384029,0.384165,0.384116,0.380749
793.5,0.284024,0.336168,0.362636,0.374531,0.383192,0.383329,0.383231,0.379853
794,0.283513,0.335615,0.362087,0.373504,0.382731,0.382847,0.382753,0.379404
794.5,0.2834,0.335525,0.362012,0.373551,0.382635,0.382751,0.38266,0.379328
795,0.283252,0.335372,0.361799,0.373849,0.382389,0.382556,0.382428,0.379106
795.5,0.282879,0.33497,0.36135,0.373855,0.381892,0.38201,0.381877,0.378619
796,0.282146,0.33419,0.36066,0.372507,0.381152,0.381209,0.381166,0.377858
796.5,0.281712,0.333782,0.360271,0.371597,0.380768,0.380832,0.380761,0.377464
797,0.281471,0.333584,0.359951,0.371396,0.380471,0.380576,0.380485,0.377155
797.5,0.281291,0.333333,0.359704,0.371595,0.380223,0.380339,0.380288,0.376886
798,0.28096,0.332992,0.359357,0.371449,0.379842,0.379878,0.379864,0.376471
798.5,0.280459,0.332524,0.358885,0.37063,0.379306,0.379411,0.379349,0.375972
799,0.280013,0.332056,0.358399,0.370126,0.378752,0.378908,0.37882,0.375423
799.5,0.27942,0.331409,0.357797,0.369163,0.378127,0.378257,0.378168,0.374776
800,0.279183,0.331145,0.357535,0.368953,0.377906,0.378067,0.37799,0.374597
800.5,0.279,0.330937,0.357361,0.368985,0.377677,0.377815,0.377758,0.374349
801,0.278728,0.330688,0.357098,0.369174,0.377374,0.377468,0.377371,0.373984
801.5,0.278077,0.330076,0.356423,0.368636,0.37661,0.376701,0.376635,0.373139
802,0.277375,0.329354,0.355643,0.367092,0.375921,0.375998,0.375987,0.372527
802.5,0.27721,0.329134,0.355495,0.366702,0.37576,0.375842,0.375768,0.372392
803,0.276989,0.328903,0.355261,0.366755,0.375491,0.375574,0.375497,0.372116
803.5,0.276755,0.3286,0.354924,0.367122,0.375113,0.375226,0.375162,0.371765
804,0.276122,0.328015,0.354282,0.366389,0.374456,0.374538,0.374446,0.371116
804.5,0.275536,0.327471,0.35385,0.365299,0.373925,0.374025,0.373978,0.370605
805,0.275236,0.327013,0.353418,0.364769,0.373511,0.37358,0.373533,0.370127
805.5,0.274846,0.326587,0.352942,0.36416,0.373071,0.373154,0.373078,0.369678
806,0.274626,0.326349,0.35272,0.364206,0.372839,0.372916,0.37282,0.369445
806.5,0.274266,0.326038,0.352388,0.363992,0.37244,0.372554,0.372394,0.369032
807,0.273944,0.325653,0.351954,0.363883,0.371961,0.372087,0.371942,0.368569
807.5,0.273216,0.324926,0.351179,0.363041,0.371139,0.371239,0.37112,0.367712
808,0.272505,0.32421,0.350504,0.361622,0.370521,0.370583,0.370498,0.367109
808.5,0.272328,0.324081,0.350322,0.361417,0.370342,0.370415,0.370356,0.366905
809,0.272093,0.323856,0.350056,0.361547,0.370017,0.370147,0.370068,0.366612
809.5,0.271704,0.323428,0.349636,0.361904,0.369491,0.369614,0.369526,0.366126
810,0.270848,0.322575,0.348782,0.360664,0.368615,0.368699,0.368639,0.365229
810.5,0.270315,0.322016,0.348286,0.359391,0.368116,0.368222,0.368142,0.364743
811,0.270011,0.3217,0.347906,0.358941,0.36777,0.367805,0.367727,0.364288
811.5,0.269593,0.321247,0.347416,0.358756,0.367307,0.367353,0.367285,0.363821
812,0.269205,0.320878,0.347026,0.358823,0.366817,0.366901,0.366833,0.363388
812.5,0.268647,0.320289,0.346462,0.358023,0.366234,0.366286,0.366267,0.362819
813,0.268231,0.319826,0.345969,0.357599,0.365711,0.365765,0.365733,0.362257
813.5,0.267503,0.319093,0.345229,0.356541,0.364906,0.364986,0.36486,0.361455
814,0.267015,0.318578,0.34474,0.355718,0.364467,0.364536,0.364435,0.361049
814.5,0.266725,0.318318,0.344439,0.355637,0.364161,0.364197,0.364134,0.360676
815,0.266383,0.317921,0.344057,0.35562,0.363719,0.363722,0.363745,0.360194
815.5,0.265844,0.317363,0.343449,0.355637,0.36303,0.363062,0.362998,0.359449
816,0.264845,0.316352,0.342429,0.353861,0.362027,0.362028,0.362018,0.358459
816.5,0.264336,0.315847,0.341968,0.352817,0.361576,0.361603,0.361572,0.358043
817,0.263999,0.315473,0.341628,0.352534,0.361199,0.361165,0.361058,0.357657
817.5,0.263599,0.315021,0.341215,0.352648,0.360705,0.360754,0.360646,0.35719
818,0.263068,0.314494,0.34062,0.352574,0.360051,0.360054,0.359951,0.356501
818.5,0.26223,0.313678,0.339788,0.351151,0.359236,0.359182,0.359218,0.355705
819,0.261824,0.313226,0.339363,0.35054,0.358778,0.358692,0.358675,0.355209
819.5,0.261127,0.312511,0.338568,0.349453,0.357979,0.357952,0.357903,0.354372
820,0.260664,0.312066,0.338099,0.349064,0.357511,0.357473,0.357477,0.353981
820.5,0.260225,0.311625,0.337633,0.348844,0.357005,0.356972,0.35694,0.353464
821,0.259685,0.31107,0.337129,0.348474,0.356413,0.356437,0.356388,0.352912
821.5,0.259171,0.310502,0.336516,0.34835,0.355781,0.355761,0.355698,0.3522
822,0.258119,0.309429,0.335433,0.346625,0.354689,0.354635,0.354623,0.351099
822.5,0.257581,0.308901,0.334895,0.345539,0.354166,0.354134,0.35418,0.350615
823,0.257311,0.308596,0.334549,0.345287,0.353833,0.353748,0.353729,0.350215
823.5,0.256822,0.308089,0.33403,0.345342,0.353293,0.353252,0.353294,0.349695
824,0.256262,0.307511,0.33341,0.345457,0.352561,0.352556,0.352553,0.348959
824.5,0.255303,0.306536,0.332476,0.343789,0.351544,0.351538,0.351518,0.34796
825,0.254788,0.305999,0.331993,0.342745,0.351084,0.351037,0.351053,0.347518
825.5,0.254296,0.305477,0.331391,0.342038,0.350501,0.350428,0.350446,0.346879
826,0.253596,0.304779,0.330666,0.34139,0.349792,0.349682,0.349781,0.346179
826.5,0.253127,0.30436,0.33022,0.341592,0.349294,0.349192,0.349296,0.345693
827,0.252401,0.303608,0.329484,0.340724,0.348561,0.348474,0.348531,0.344948
827.5,0.251865,0.303023,0.328913,0.340167,0.347928,0.347869,0.34793,0.344346
828,0.251127,0.302169,0.328011,0.339222,0.346991,0.346923,0.346906,0.343289
828.5,0.25023,0.301271,0.327184,0.337628,0.346095,0.346038,0.346081,0.342455
829,0.249825,0.300912,0.326784,0.337358,0.34569,0.345603,0.345686,0.342057
829.5,0.249254,0.300356,0.326191,0.336982,0.345113,0.34501,0.345061,0.341484
830,0.248783,0.299817,0.325598,0.337222,0.344503,0.344402,0.344463,0.340887
830.5,0.247954,0.298899,0.324632,0.336495,0.343484,0.343369,0.343419,0.339837
831,0.246936,0.297872,0.323695,0.334387,0.342469,0.342349,0.342457,0.338835
831.5,0.246462,0.297406,0.32322,0.333626,0.342008,0.3419,0.341963,0.338323
832,0.245848,0.296769,0.322564,0.332987,0.341333,0.341243,0.341308,0.337658
832.5,0.245278,0.296168,0.321931,0.333153,0.340689,0.340561,0.340636,0.337022
833,0.244437,0.295373,0.321092,0.33263,0.33975,0.339648,0.339647,0.336077
833.5,0.243539,0.294454,0.320206,0.331094,0.338873,0.338787,0.338762,0.335189
834,0.243113,0.29392,0.3197,0.330572,0.338335,0.338158,0.338164,0.334572
834.5,0.24226,0.293037,0.318721,0.329191,0.337357,0.337146,0.33719,0.333547
835,0.241471,0.292307,0.318006,0.32847,0.336605,0.336411,0.336497,0.332877
835.5,0.240835,0.291631,0.317342,0.32807,0.335891,0.335704,0.335761,0.332132
836,0.240135,0.290872,0.316597,0.327559,0.335095,0.334975,0.335033,0.331404
836.5,0.239462,0.290186,0.315892,0.327428,0.334274,0.334138,0.334164,0.330524
837,0.238268,0.288954,0.314673,0.325354,0.333058,0.332883,0.332897,0.329276
837.5,0.237512,0.288214,0.313961,0.324065,0.332362,0.332187,0.332217,0.328619
838,0.236987,0.287661,0.313331,0.323537,0.331791,0.331536,0.331546,0.327953
838.5,0.236339,0.286917,0.312581,0.323431,0.330987,0.330797,0.330865,0.327228
839,0.235552,0.286166,0.311711,0.323459,0.330063,0.329882,0.329934,0.326269
839.5,0.234404,0.285023,0.31056,0.321459,0.328884,0.328693,0.32872,0.325109
840,0.233784,0.284393,0.309993,0.320416,0.328286,0.328093,0.328152,0.324522
840.5,0.233258,0.28378,0.309362,0.319574,0.327613,0.327382,0.327434,0.323761
841,0.232426,0.282907,0.308494,0.318562,0.326735,0.326521,0.326547,0.322868
841.5,0.23182,0.282342,0.307819,0.318665,0.326075,0.325842,0.325912,0.322236
842,0.230903,0.281436,0.306884,0.31764,0.3251,0.324891,0.324896,0.321229
842.5,0.230268,0.280767,0.306276,0.317148,0.324356,0.324213,0.324261,0.320533
843,0.229473,0.279992,0.305439,0.316464,0.323467,0.323244,0.323294,0.319506
843.5,0.228289,0.278797,0.304222,0.314325,0.322302,0.322035,0.322101,0.318323
844,0.227701,0.278132,0.30358,0.31358,0.321666,0.321398,0.321464,0.317754
844.5,0.226993,0.277394,0.302815,0.312967,0.320842,0.320582,0.32065,0.316957
845,0.226255,0.276718,0.302122,0.313029,0.320104,0.319866,0.31995,0.316206
845.5,0.225464,0.275833,0.301243,0.31284,0.319107,0.31881,0.318881,0.315177
846,0.224254,0.274573,0.300026,0.310556,0.31785,0.317587,0.317687,0.313939
846.5,0.2236,0.273911,0.299351,0.30933,0.317241,0.316995,0.317077,0.313314
847,0.223001,0.273337,0.298665,0.308553,0.316565,0.316264,0.316303,0.312562
847.5,0.222189,0.272539,0.297891,0.307919,0.315764,0.315478,0.315508,0.311737
848,0.221505,0.271846,0.297176,0.308235,0.314987,0.314681,0.314721,0.310958
848.5,0.220482,0.270815,0.296104,0.306901,0.313881,0.313585,0.313614,0.309883
849,0.21971,0.270004,0.295375,0.305742,0.313096,0.312818,0.312896,0.309156
849.5,0.21912,0.269326,0.294648,0.305097,0.312249,0.311962,0.312034,0.308269
850,0.21808,0.268278,0.293532,0.30324,0.311179,0.31087,0.310919,0.307176
850.5,0.217376,0.267566,0.292825,0.30267,0.310505,0.310201,0.310256,0.306474
851,0.216703,0.266884,0.292081,0.302203,0.309719,0.309419,0.309443,0.305681
851.5,0.215901,0.266042,0.291314,0.301646,0.308874,0.308623,0.308655,0.304846
852,0.215281,0.265408,0.290665,0.301858,0.308165,0.307836,0.3079,0.304054
852.5,0.214168,0.264188,0.289376,0.299967,0.306867,0.306482,0.306561,0.302728
853,0.213183,0.263233,0.288452,0.298044,0.305942,0.305555,0.305666,0.301842
853.5,0.212615,0.262682,0.28785,0.297402,0.305329,0.304952,0.305041,0.301175
854,0.211828,0.261841,0.287013,0.296752,0.30442,0.304117,0.304211,0.300329
854.5,0.211063,0.261083,0.286202,0.297178,0.303554,0.303212,0.303366,0.299453
855,0.20999,0.259982,0.285092,0.295939,0.302364,0.302008,0.302104,0.298222
855.5,0.209019,0.258956,0.284152,0.294076,0.30143,0.301133,0.30116,0.297352
856,0.208504,0.258382,0.283577,0.293463,0.300778,0.300442,0.300499,0.296716
856.5,0.207592,0.257457,0.282552,0.291974,0.299838,0.2994,0.299473,0.295687
857,0.20677,0.256617,0.281722,0.291488,0.299032,0.298563,0.298622,0.294767
857.5,0.205839,0.255696,0.280759,0.290998,0.298007,0.297581,0.297628,0.293799
858,0.204945,0.254771,0.279865,0.289934,0.297021,0.296707,0.296728,0.292948
858.5,0.204376,0.254194,0.279285,0.289987,0.296329,0.296014,0.296039,0.292257
859,0.20335,0.253122,0.278156,0.288208,0.295167,0.294835,0.294857,0.291037
859.5,0.202377,0.252199,0.277197,0.28644,0.294263,0.29389,0.293955,0.290139
860,0.201796,0.251551,0.276479,0.285971,0.29357,0.293128,0.293227,0.289391
860.5,0.200914,0.250659,0.275602,0.285222,0.292631,0.292197,0.292339,0.288468
861,0.200278,0.250038,0.274961,0.285781,0.291918,0.291516,0.291623,0.287696
861.5,0.199268,0.24895,0.273872,0.284776,0.290729,0.290338,0.29039,0.286468
862,0.198122,0.247814,0.272797,0.2824,0.289663,0.289235,0.289376,0.285422
862.5,0.197654,0.247289,0.272295,0.281635,0.289156,0.288699,0.288793,0.284867
863,0.19685,0.246475,0.271405,0.280477,0.288266,0.287813,0.287887,0.283963
863.5,0.196051,0.245671,0.270603,0.2803,0.287398,0.286997,0.287074,0.283121
864,0.195167,0.244779,0.269655,0.280075,0.286393,0.285889,0.285994,0.28209
864.5,0.194076,0.243661,0.26856,0.278383,0.285301,0.284824,0.284967,0.281035
865,0.1936,0.243135,0.268045,0.278104,0.284757,0.284328,0.284451,0.280513
865.5,0.192793,0.242256,0.267089,0.276709,0.283746,0.283285,0.283399,0.279495
866,0.19187,0.241302,0.266124,0.275083,0.28282,0.282348,0.282468,0.278545
866.5,0.191269,0.24072,0.265569,0.274909,0.282183,0.281702,0.281873,0.277862
867,0.190413,0.23993,0.264725,0.274064,0.281334,0.280805,0.280972,0.276976
867.5,0.189759,0.239288,0.264074,0.274099,0.280656,0.28018,0.280338,0.276372
868,0.189106,0.238547,0.26335,0.274112,0.279824,0.279337,0.279465,0.275452
868.5,0.187949,0.237331,0.262093,0.271731,0.27858,0.278107,0.278212,0.274155
869,0.187232,0.236595,0.261467,0.270382,0.277928,0.277433,0.277573,0.273542
869.5,0.186729,0.236041,0.260876,0.269756,0.277291,0.276798,0.276876,0.272891
870,0.185927,0.235286,0.260051,0.268967,0.276471,0.275959,0.276017,0.272056
870.5,0.185344,0.234663,0.259388,0.269565,0.275778,0.275281,0.275307,0.271359
871,0.184443,0.23372,0.258386,0.268797,0.274694,0.274155,0.274244,0.270316
871.5,0.183452,0.23277,0.257509,0.266954,0.27377,0.2733,0.27342,0.269439
872,0.183055,0.232316,0.25707,0.266519,0.273299,0.272783,0.27292,0.26895
872.5,0.182393,0.231524,0.256235,0.265139,0.272488,0.271922,0.272013,0.268124
873,0.181577,0.230744,0.255421,0.264171,0.271692,0.271083,0.271184,0.267289
873.5,0.181028,0.230167,0.254785,0.264262,0.270997,0.270382,0.270433,0.266562
874,0.180109,0.229278,0.253886,0.263222,0.270041,0.269492,0.269549,0.265627
874.5,0.179515,0.228758,0.253398,0.263157,0.269472,0.26899,0.269089,0.265121
875,0.179022,0.228145,0.252747,0.262908,0.268751,0.268198,0.268288,0.264332
875.5,0.177997,0.227027,0.251646,0.260559,0.267693,0.26711,0.267195,0.263211
876,0.177352,0.226391,0.250991,0.25955,0.267046,0.266474,0.266612,0.262556
876.5,0.176781,0.22588,0.250424,0.259059,0.266421,0.265863,0.265916,0.261891
877,0.176066,0.225134,0.249678,0.258622,0.265696,0.265135,0.265207,0.261178
877.5,0.175503,0.224541,0.249076,0.259417,0.265006,0.264489,0.264574,0.260523
878,0.174526,0.223555,0.248015,0.258085,0.263946,0.263345,0.263424,0.259325
878.5,0.173661,0.222622,0.247145,0.256159,0.263083,0.262522,0.262637,0.258573
879,0.173335,0.222254,0.246779,0.2557,0.262669,0.262085,0.262168,0.258102
879.5,0.172638,0.221492,0.245989,0.254383,0.261861,0.261256,0.261376,0.257223
880,0.171974,0.220813,0.245337,0.254293,0.261156,0.260577,0.260676,0.256553
880.5,0.171219,0.220057,0.244495,0.254228,0.260284,0.259648,0.259724,0.255727
881,0.170257,0.219086,0.243542,0.252759,0.259354,0.258732,0.258797,0.254828
881.5,0.169847,0.218691,0.243171,0.252721,0.258917,0.258329,0.258435,0.254402
882,0.169205,0.217981,0.2424,0.251532,0.258104,0.257492,0.257622,0.253539
882.5,0.16839,0.21715,0.241549,0.249818,0.257256,0.256673,0.256793,0.25267
883,0.167903,0.216685,0.24102,0.249693,0.256709,0.256083,0.256208,0.252132
883.5,0.167129,0.215921,0.240252,0.248992,0.255911,0.255307,0.255367,0.251287
884,0.166524,0.215305,0.239668,0.248996,0.255343,0.254714,0.254843,0.250716
884.5,0.166111,0.214827,0.239173,0.249509,0.254782,0.254128,0.254227,0.250154
885,0.165222,0.213863,0.238201,0.247587,0.253734,0.253089,0.253172,0.249148
885.5,0.164576,0.2132,0.237551,0.245988,0.253098,0.252511,0.252631,0.248503
886,0.164235,0.212847,0.237187,0.24559,0.252706,0.252003,0.252164,0.248035
886.5,0.163589,0.212223,0.236527,0.244627,0.252108,0.251299,0.25152,0.247442
887,0.163043,0.211678,0.235979,0.245071,0.251509,0.250718,0.250964,0.246872
887.5,0.162409,0.210999,0.235257,0.245172,0.250673,0.249912,0.250093,0.246066
888,0.161544,0.210157,0.234412,0.243467,0.249805,0.249127,0.249257,0.245151
888.5,0.16121,0.209799,0.234048,0.243105,0.249438,0.248762,0.248909,0.244789
889,0.160858,0.209396,0.233598,0.242386,0.248949,0.248211,0.248382,0.244228
889.5,0.160179,0.208778,0.232936,0.240842,0.24828,0.247597,0.247672,0.243561
890,0.15976,0.208332,0.232464,0.240956,0.247777,0.247116,0.247198,0.243077
890.5,0.159149,0.207701,0.231843,0.240693,0.247029,0.246395,0.246472,0.24231
891,0.158435,0.206943,0.231072,0.239774,0.246294,0.245684,0.245772,0.241586
891.5,0.158241,0.206718,0.230856,0.240465,0.246057,0.245399,0.245501,0.241307
892,0.15772,0.206174,0.230313,0.23992,0.245404,0.244644,0.244773,0.24063
892.5,0.156925,0.205382,0.229563,0.237735,0.244596,0.243886,0.244058,0.239859
893,0.156653,0.20504,0.229254,0.237252,0.244288,0.243572,0.243731,0.239534
893.5,0.156204,0.204611,0.228703,0.236785,0.243758,0.243014,0.243131,0.238962
894,0.155679,0.204047,0.228125,0.2363,0.243229,0.2425,0.242616,0.238379
894.5,0.155374,0.203708,0.227749,0.237386,0.242771,0.242099,0.242202,0.238009
895,0.154754,0.20305,0.227095,0.236892,0.242062,0.241345,0.241445,0.237246
895.5,0.154079,0.202339,0.226485,0.235042,0.241459,0.240755,0.240819,0.23658
896,0.153903,0.202261,0.226344,0.234829,0.241305,0.240538,0.240653,0.236411
896.5,0.153656,0.20191,0.225973,0.233999,0.240864,0.240027,0.240174,0.235946
897,0.153125,0.201359,0.225347,0.233052,0.240266,0.239478,0.239617,0.235359
897.5,0.152829,0.200985,0.224961,0.233871,0.239872,0.239033,0.239171,0.234945
898,0.152136,0.200268,0.224251,0.233229,0.239119,0.238295,0.238379,0.23416
898.5,0.151567,0.199742,0.223739,0.23235,0.238471,0.237793,0.237909,0.233654
899,0.151556,0.199702,0.223666,0.232921,0.238323,0.237648,0.237766,0.233474
899.5,0.150999,0.199198,0.223134,0.231441,0.237722,0.236953,0.237069,0.232836
900,0.150629,0.19881,0.222798,0.230068,0.237386,0.236606,0.236742,0.232523