Wavelength,Test1,Test2,Test3,Average
300,4,4,4,4
300.5,4,4,4,4
301,4,4,3.978602,3.992867333
301.5,4,3.967043,4,3.989014333
302,4,3.978353,4,3.992784333
302.5,4,3.98804,4,3.996013333
303,4,4,4,4
303.5,4,4,4,4
304,3.975603,4,4,3.991867667
304.5,4,4,4,4
305,4,4,4,4
305.5,4,4,4,4
306,4,4,4,4
306.5,4,4,4,4
307,3.972162,3.944351,4,3.972171
307.5,3.985456,4,4,3.995152
308,4,4,4,4
308.5,4,3.962309,4,3.987436333
309,4,3.95097,4,3.983656667
309.5,4,4,4,4
310,4,4,3.966985,3.988995
310.5,3.985593,3.930197,4,3.97193
311,3.945452,4,3.967069,3.970840333
311.5,3.964088,4,4,3.988029333
312,4,3.978459,4,3.992819667
312.5,4,3.994477,4,3.998159
313,4,3.972361,4,3.990787
313.5,3.962379,3.902853,4,3.955077333
314,3.942338,4,4,3.980779333
314.5,4,4,3.962282,3.987427333
315,4,4,3.962282,3.987427333
315.5,4,4,4,4
316,4,3.985255,4,3.995085
316.5,4,3.985255,4,3.995085
317,4,4,4,4
317.5,4,4,4,4
318,4,4,4,4
318.5,4,4,4,4
319,4,4,4,4
319.5,4,4,3.977164,3.992388
320,4,4,4,4
320.5,4,4,3.946148,3.982049333
321,4,4,4,4
321.5,4,4,4,4
322,4,4,4,4
322.5,4,4,4,4
323,4,4,3.991464,3.997154667
323.5,3.955111,3.99129,4,3.982133667
324,4,4,4,4
324.5,4,4,3.963312,3.987770667
325,3.981604,3.97446,4,3.985354667
325.5,3.940853,4,4,3.980284333
326,4,4,4,4
326.5,3.989633,4,4,3.996544333
327,4,3.961847,3.980454,3.980767
327.5,4,4,4,4
328,4,3.952551,4,3.984183667
328.5,4,4,4,4
329,3.959513,4,4,3.986504333
329.5,4,4,3.960206,3.986735333
330,4,3.987413,4,3.995804333
330.5,4,3.998353,4,3.999451
331,4,3.998353,3.898185,3.965512667
331.5,4,4,4,4
332,4,4,4,4
332.5,4,4,3.969655,3.989885
333,4,4,4,4
333.5,4,3.976323,4,3.992107667
334,3.937266,4,4,3.979088667
334.5,4,4,4,4
335,3.947799,4,3.968003,3.971934
335.5,3.96524,3.983718,4,3.982986
336,4,3.97805,4,3.992683333
336.5,3.9278,3.994509,3.955534,3.959281
337,3.933425,4,3.9737,3.969041667
337.5,4,3.950196,4,3.983398667
338,4,3.966216,3.954386,3.973534
338.5,4,4,3.972813,3.990937667
339,4,4,3.981331,3.993777
339.5,3.859944,3.958656,3.992225,3.936941667
340,3.964609,4,3.991853,3.985487333
340.5,4,3.969731,4,3.989910333
341,4,3.981869,4,3.993956333
341.5,4,3.97076,3.894918,3.955226
342,3.971253,3.996899,4,3.989384
342.5,4,4,4,4
343,4,4,4,4
343.5,3.963707,3.983842,4,3.982516333
344,3.929897,3.957009,4,3.962302
344.5,3.94191,4,4,3.980636667
345,4,4,4,4
345.5,4,4,3.965252,3.988417333
346,4,4,3.931012,3.977004
346.5,4,4,4,4
347,3.931999,4,3.959095,3.963698
347.5,3.939524,3.928914,4,3.956146
348,4,3.987253,4,3.995751
348.5,4,4,4,4
349,4,4,4,4
349.5,3.954705,4,3.906115,3.953606667
350,4,4,3.920608,3.973536
350.5,3.988919,4,4,3.996306333
351,4,4,4,4
351.5,3.928656,4,4,3.976218667
352,3.946279,4,3.935004,3.960427667
352.5,4,4,4,4
353,3.990116,4,4,3.996705333
353.5,4,3.914021,4,3.971340333
354,4,3.95703,4,3.985676667
354.5,4,3.922652,4,3.974217333
355,4,4,4,4
355.5,4,3.963673,3.936303,3.966658667
356,4,4,3.936303,3.978767667
356.5,4,4,4,4
357,4,3.97114,3.991277,3.987472333
357.5,4,3.97114,4,3.99038
358,3.991347,4,3.991351,3.994232667
358.5,4,4,3.919167,3.973055667
359,4,4,3.971178,3.990392667
359.5,4,3.971071,4,3.990357
360,4,3.886526,4,3.962175333
360.5,3.952306,4,4,3.984102
361,4,3.963523,4,3.987841
361.5,4,3.963523,4,3.987841
362,4,3.909707,4,3.969902333
362.5,3.947404,3.970322,3.919495,3.945740333
363,4,4,4,4
363.5,4,3.969756,4,3.989918667
364,4,3.967712,3.807302,3.925004667
364.5,4,4,4,4
365,4,3.968551,3.928964,3.965838333
365.5,3.885106,3.962292,3.878408,3.908602
366,3.921858,3.869591,3.956645,3.916031333
366.5,3.913803,3.918165,3.947385,3.926451
367,3.985505,3.93753,3.899568,3.940867667
367.5,3.985592,3.82846,3.733013,3.849021667
368,3.970571,3.907449,3.928055,3.935358333
368.5,3.964775,3.894365,3.921589,3.926909667
369,3.98655,3.807034,3.807232,3.866938667
369.5,3.914421,3.972237,3.74725,3.877969333
370,4,3.757142,3.922219,3.893120333
370.5,4,4,3.886479,3.962159667
371,3.990111,3.876045,3.807139,3.891098333
371.5,3.784108,4,3.949349,3.911152333
372,3.831418,3.991435,3.982644,3.935165667
372.5,3.883907,3.940198,3.887114,3.903739667
373,3.912585,3.941657,3.803528,3.885923333
373.5,3.96381,3.776724,3.941801,3.894111667
374,3.944461,3.97809,3.83671,3.919753667
374.5,3.988377,3.903396,3.935511,3.942428
375,3.986268,3.941318,3.962893,3.963493
375.5,4,4,3.933803,3.977934333
376,3.766634,4,3.829788,3.865474
376.5,3.954049,3.877221,3.782489,3.871253
377,3.830614,3.739948,3.959314,3.843292
377.5,3.832707,3.836946,3.838604,3.836085667
378,3.966784,3.825913,3.932122,3.908273
378.5,3.949862,3.890143,3.782729,3.874244667
379,3.847086,3.904254,3.618442,3.789927333
379.5,3.615324,3.871607,3.851816,3.779582333
380,3.737452,3.581902,3.602118,3.640490667
380.5,3.599595,3.280577,3.501701,3.460624333
381,3.386207,3.241512,3.261833,3.296517333
381.5,3.198681,3.163249,3.137781,3.166570333
382,3.043986,3.026231,2.952397,3.007538
382.5,2.850514,2.855002,2.842444,2.84932
383,2.767109,2.753085,2.74574,2.755311333
383.5,2.639061,2.631809,2.62566,2.632176667
384,2.5134,2.512233,2.512759,2.512797333
384.5,2.387208,2.409899,2.396699,2.397935333
385,2.282157,2.288065,2.280378,2.283533333
385.5,2.17095,2.18065,2.184618,2.178739333
386,2.078318,2.081053,2.081871,2.080414
386.5,1.98203,1.988126,1.990113,1.986756333
387,1.893583,1.891999,1.893834,1.893138667
387.5,1.803467,1.803403,1.798038,1.801636
388,1.714406,1.714307,1.711207,1.713306667
388.5,1.631667,1.629271,1.626845,1.629261
389,1.553707,1.553857,1.549617,1.552393667
389.5,1.486028,1.483064,1.480767,1.483286333
390,1.414637,1.412857,1.412322,1.413272
390.5,1.348703,1.3471,1.346346,1.347383
391,1.286687,1.285029,1.285592,1.285769333
391.5,1.227377,1.225907,1.226326,1.226536667
392,1.175426,1.173332,1.176676,1.175144667
392.5,1.124138,1.122614,1.125117,1.123956333
393,1.073415,1.072799,1.074483,1.073565667
393.5,1.02403,1.023803,1.024879,1.024237333
394,0.97738,0.977943,0.978568,0.9779636667
394.5,0.93364,0.934073,0.934979,0.9342306667
395,0.896505,0.896366,0.896599,0.89649
395.5,0.857896,0.857024,0.857158,0.8573593333
396,0.82028,0.819489,0.819875,0.8198813333
396.5,0.7857,0.785024,0.78517,0.785298
397,0.754103,0.753126,0.753605,0.7536113333
397.5,0.724128,0.722861,0.72361,0.723533
398,0.697966,0.696544,0.697405,0.697305
398.5,0.670976,0.669989,0.670692,0.6705523333
399,0.646665,0.645804,0.646673,0.6463806667
399.5,0.624152,0.62356,0.624433,0.6240483333
400,0.603887,0.603576,0.604756,0.604073
400.5,0.584775,0.584693,0.586074,0.5851806667
401,0.566661,0.566964,0.568579,0.5674013333
401.5,0.550313,0.550694,0.552093,0.5510333333
402,0.535903,0.536204,0.537615,0.536574
402.5,0.5237,0.523886,0.524925,0.5241703333
403,0.511067,0.511249,0.5124,0.511572
403.5,0.499326,0.499549,0.500502,0.4997923333
404,0.48896,0.489132,0.489926,0.4893393333
404.5,0.479571,0.479669,0.480597,0.4799456667
405,0.471194,0.471286,0.472235,0.4715716667
405.5,0.463705,0.463668,0.464624,0.463999
406,0.456487,0.456425,0.457633,0.4568483333
406.5,0.44986,0.449804,0.45085,0.4501713333
407,0.44381,0.443759,0.444677,0.444082
407.5,0.438323,0.438225,0.439245,0.4385976667
408,0.433495,0.433575,0.434594,0.433888
408.5,0.429266,0.429235,0.430432,0.4296443333
409,0.425269,0.425248,0.426436,0.425651
409.5,0.421147,0.421212,0.422494,0.4216176667
410,0.417744,0.417654,0.419103,0.418167
410.5,0.414429,0.414541,0.415816,0.4149286667
411,0.411666,0.411808,0.412998,0.4121573333
411.5,0.409203,0.40936,0.410474,0.409679
412,0.406871,0.406892,0.408202,0.4073216667
412.5,0.404702,0.404646,0.405867,0.4050716667
413,0.402782,0.402635,0.403792,0.4030696667
413.5,0.400733,0.400554,0.401709,0.4009986667
414,0.398644,0.398589,0.399808,0.3990136667
414.5,0.396834,0.396696,0.39784,0.3971233333
415,0.395223,0.39516,0.396255,0.395546
415.5,0.393738,0.393599,0.394748,0.3940283333
416,0.391958,0.39185,0.392993,0.392267
416.5,0.390476,0.39053,0.3918,0.3909353333
417,0.389575,0.38968,0.391001,0.3900853333
417.5,0.388371,0.388432,0.38976,0.3888543333
418,0.387208,0.387231,0.388626,0.3876883333
418.5,0.386219,0.386126,0.387518,0.386621
419,0.385154,0.385127,0.38651,0.385597
419.5,0.384144,0.384153,0.385524,0.384607
420,0.38321,0.383153,0.384579,0.3836473333
420.5,0.38237,0.382271,0.383693,0.382778
421,0.381335,0.381308,0.382597,0.3817466667
421.5,0.380453,0.380504,0.381794,0.380917
422,0.379567,0.37965,0.380924,0.380047
422.5,0.378898,0.378841,0.380078,0.3792723333
423,0.378115,0.378011,0.379282,0.3784693333
423.5,0.377303,0.377293,0.378612,0.377736
424,0.376573,0.376605,0.377817,0.3769983333
424.5,0.37585,0.375849,0.377086,0.3762616667
425,0.375031,0.375124,0.376434,0.3755296667
425.5,0.374323,0.374386,0.375733,0.374814
426,0.373697,0.373713,0.37506,0.3741566667
426.5,0.373103,0.373008,0.374377,0.373496
427,0.372328,0.372304,0.373639,0.372757
427.5,0.371609,0.371581,0.372884,0.3720246667
428,0.370934,0.37089,0.372228,0.3713506667
428.5,0.370216,0.370208,0.371558,0.3706606667
429,0.369609,0.369606,0.370893,0.370036
429.5,0.368968,0.369015,0.370366,0.3694496667
430,0.368396,0.368426,0.369726,0.3688493333
430.5,0.367819,0.367952,0.369082,0.3682843333
431,0.367227,0.367181,0.368429,0.3676123333
431.5,0.366592,0.366608,0.367889,0.3670296667
432,0.366024,0.365973,0.367314,0.366437
432.5,0.365431,0.365426,0.366705,0.365854
433,0.364851,0.364849,0.36606,0.3652533333
433.5,0.364272,0.364281,0.365531,0.3646946667
434,0.363689,0.363712,0.364951,0.3641173333
434.5,0.363081,0.363125,0.364355,0.3635203333
435,0.362445,0.36242,0.363687,0.3628506667
435.5,0.361993,0.361965,0.363227,0.362395
436,0.361482,0.361436,0.362755,0.361891
436.5,0.360845,0.360834,0.362162,0.3612803333
437,0.360189,0.360282,0.361549,0.3606733333
437.5,0.359646,0.359713,0.361016,0.360125
438,0.359202,0.359239,0.360504,0.3596483333
438.5,0.358621,0.358716,0.360006,0.3591143333
439,0.358085,0.358135,0.359434,0.3585513333
439.5,0.357621,0.357629,0.35893,0.35806
440,0.357135,0.35714,0.358414,0.357563
440.5,0.356672,0.356608,0.357896,0.3570586667
441,0.356092,0.356128,0.357326,0.3565153333
441.5,0.355515,0.355632,0.35681,0.3559856667
442,0.355079,0.355087,0.356308,0.3554913333
442.5,0.354719,0.354596,0.355822,0.3550456667
443,0.354147,0.354105,0.355365,0.354539
443.5,0.353558,0.353562,0.354805,0.353975
444,0.353005,0.353028,0.354255,0.3534293333
444.5,0.352468,0.352554,0.353751,0.3529243333
445,0.351977,0.35205,0.353268,0.3524316667
445.5,0.351563,0.3515,0.35272,0.3519276667
446,0.35108,0.351087,0.352336,0.351501
446.5,0.350554,0.350564,0.351806,0.3509746667
447,0.350074,0.350101,0.351314,0.3504963333
447.5,0.34952,0.349601,0.350867,0.349996
448,0.349076,0.349085,0.350338,0.3494996667
448.5,0.348572,0.348624,0.349858,0.349018
449,0.348087,0.348202,0.349389,0.3485593333
449.5,0.347714,0.34772,0.348968,0.348134
450,0.347261,0.347348,0.348585,0.3477313333
450.5,0.346841,0.346876,0.348027,0.347248
451,0.346357,0.346353,0.347565,0.3467583333
451.5,0.345871,0.345906,0.347154,0.3463103333
452,0.345365,0.345507,0.346718,0.3458633333
452.5,0.344911,0.345013,0.34621,0.345378
453,0.344477,0.344461,0.345705,0.344881
453.5,0.344041,0.344051,0.345314,0.3444686667
454,0.343639,0.343624,0.3449,0.3440543333
454.5,0.343175,0.343135,0.344347,0.3435523333
455,0.342698,0.342719,0.343938,0.3431183333
455.5,0.342299,0.342298,0.343495,0.3426973333
456,0.34185,0.341929,0.343111,0.3422966667
456.5,0.341469,0.341392,0.342652,0.3418376667
457,0.340908,0.34098,0.342137,0.3413416667
457.5,0.340541,0.340569,0.341774,0.3409613333
458,0.340261,0.340188,0.341457,0.3406353333
458.5,0.339866,0.339873,0.341095,0.340278
459,0.339568,0.339542,0.340713,0.339941
459.5,0.339182,0.339128,0.34032,0.3395433333
460,0.338758,0.338765,0.339897,0.33914
460.5,0.338362,0.338415,0.339613,0.3387966667
461,0.337977,0.338054,0.339227,0.3384193333
461.5,0.337661,0.337734,0.338924,0.3381063333
462,0.3374,0.337341,0.338609,0.3377833333
462.5,0.337158,0.337115,0.338341,0.337538
463,0.336869,0.336816,0.338073,0.3372526667
463.5,0.336593,0.336534,0.337831,0.336986
464,0.336328,0.336297,0.337529,0.336718
464.5,0.336119,0.336137,0.337342,0.3365326667
465,0.335944,0.335938,0.337162,0.336348
465.5,0.335775,0.335826,0.337047,0.336216
466,0.335621,0.335697,0.336778,0.336032
466.5,0.335488,0.335487,0.336671,0.335882
467,0.335412,0.335309,0.336613,0.335778
467.5,0.335364,0.335271,0.336543,0.335726
468,0.335292,0.335219,0.336487,0.335666
468.5,0.3353,0.335255,0.336532,0.3356956667
469,0.33541,0.335384,0.336655,0.3358163333
469.5,0.335513,0.335526,0.336737,0.3359253333
470,0.335707,0.3357,0.336955,0.3361206667
470.5,0.335989,0.336032,0.337239,0.33642
471,0.33639,0.336435,0.337684,0.3368363333
471.5,0.337084,0.337105,0.338287,0.337492
472,0.337952,0.338042,0.339221,0.338405
472.5,0.339486,0.339486,0.34064,0.3398706667
473,0.341473,0.3414,0.342571,0.3418146667
473.5,0.34296,0.342981,0.344089,0.3433433333
474,0.343282,0.34331,0.344437,0.3436763333
474.5,0.342521,0.342528,0.343735,0.342928
475,0.341363,0.341383,0.342548,0.3417646667
475.5,0.340141,0.340145,0.341314,0.3405333333
476,0.338732,0.338693,0.339933,0.3391193333
476.5,0.337245,0.337208,0.338441,0.3376313333
477,0.335537,0.33554,0.336758,0.335945
477.5,0.333708,0.333736,0.334934,0.334126
478,0.33172,0.33173,0.332977,0.3321423333
478.5,0.329617,0.329689,0.330911,0.3300723333
479,0.327333,0.327423,0.328579,0.3277783333
479.5,0.324999,0.32507,0.326319,0.3254626667
480,0.322411,0.322413,0.323733,0.3228523333
480.5,0.319525,0.319574,0.320807,0.3199686667
481,0.316427,0.316463,0.317697,0.3168623333
481.5,0.313205,0.313206,0.314365,0.313592
482,0.309891,0.309843,0.311035,0.3102563333
482.5,0.306511,0.30643,0.307617,0.3068526667
483,0.302468,0.302448,0.303667,0.302861
483.5,0.298344,0.298288,0.299539,0.2987236667
484,0.294033,0.293967,0.295312,0.2944373333
484.5,0.289686,0.289624,0.291018,0.2901093333
485,0.285309,0.285239,0.286655,0.2857343333
485.5,0.280876,0.280878,0.282214,0.2813226667
486,0.276303,0.276342,0.277731,0.276792
486.5,0.27167,0.271793,0.273187,0.2722166667
487,0.267032,0.267229,0.268635,0.267632
487.5,0.262577,0.262878,0.264177,0.2632106667
488,0.258405,0.258605,0.259827,0.2589456667
488.5,0.254341,0.25445,0.255715,0.2548353333
489,0.250561,0.250626,0.251933,0.25104
489.5,0.247024,0.247068,0.248429,0.247507
490,0.243704,0.243766,0.245078,0.2441826667
490.5,0.240654,0.240681,0.242003,0.2411126667
491,0.237951,0.237955,0.239269,0.2383916667
491.5,0.235613,0.235628,0.236972,0.236071
492,0.233575,0.233536,0.23496,0.2340236667
492.5,0.231817,0.23184,0.233208,0.2322883333
493,0.230317,0.230373,0.23175,0.2308133333
493.5,0.229218,0.229234,0.230708,0.22972
494,0.22842,0.228439,0.229914,0.2289243333
494.5,0.227944,0.227942,0.229461,0.228449
495,0.227718,0.227702,0.229227,0.2282156667
495.5,0.227688,0.227659,0.229166,0.228171
496,0.227909,0.227887,0.229362,0.228386
496.5,0.228218,0.228258,0.229758,0.2287446667
497,0.228726,0.228818,0.230265,0.2292696667
497.5,0.229492,0.229517,0.230985,0.229998
498,0.230377,0.230331,0.231865,0.2308576667
498.5,0.231295,0.231268,0.232755,0.2317726667
499,0.232274,0.232278,0.233736,0.2327626667
499.5,0.233245,0.23328,0.234746,0.233757
500,0.234319,0.234377,0.235807,0.2348343333
500.5,0.2355,0.235533,0.236982,0.236005
501,0.236754,0.236765,0.238249,0.237256
501.5,0.23804,0.238051,0.239494,0.2385283333
502,0.239394,0.2394,0.240857,0.2398836667
502.5,0.240655,0.240608,0.242115,0.241126
503,0.241948,0.241861,0.243307,0.242372
503.5,0.243145,0.243134,0.244512,0.243597
504,0.244465,0.244423,0.245812,0.2449
504.5,0.245748,0.245692,0.247101,0.2461803333
505,0.247018,0.246995,0.248434,0.2474823333
505.5,0.248353,0.248365,0.24975,0.2488226667
506,0.249548,0.249553,0.250946,0.2500156667
506.5,0.250711,0.250749,0.252138,0.2511993333
507,0.251846,0.251878,0.253206,0.25231
507.5,0.253036,0.252993,0.254367,0.2534653333
508,0.254175,0.254147,0.255561,0.2546276667
508.5,0.255264,0.255282,0.256663,0.2557363333
509,0.256406,0.256402,0.2577,0.256836
509.5,0.257524,0.257529,0.258813,0.2579553333
510,0.258582,0.258549,0.259879,0.2590033333
510.5,0.25942,0.259462,0.260774,0.2598853333
511,0.260313,0.260347,0.261636,0.2607653333
511.5,0.261341,0.261325,0.262591,0.2617523333
512,0.262248,0.262185,0.263426,0.2626196667
512.5,0.263122,0.263062,0.264329,0.2635043333
513,0.263976,0.263975,0.265256,0.2644023333
513.5,0.264788,0.264778,0.266083,0.2652163333
514,0.265582,0.265548,0.266844,0.2659913333
514.5,0.26637,0.266411,0.267693,0.2668246667
515,0.267157,0.267247,0.268533,0.2676456667
515.5,0.267929,0.267979,0.269317,0.2684083333
516,0.268782,0.268843,0.270098,0.269241
516.5,0.269478,0.269489,0.270777,0.2699146667
517,0.270103,0.27017,0.271461,0.270578
517.5,0.270799,0.270885,0.272191,0.2712916667
518,0.271511,0.271553,0.272865,0.2719763333
518.5,0.27216,0.272146,0.273541,0.2726156667
519,0.272817,0.272871,0.274225,0.2733043333
519.5,0.273459,0.27349,0.27477,0.2739063333
520,0.274082,0.27407,0.275349,0.2745003333
520.5,0.274673,0.274711,0.27601,0.2751313333
521,0.275298,0.275269,0.276652,0.2757396667
521.5,0.27588,0.275832,0.277183,0.2762983333
522,0.276455,0.276463,0.277774,0.2768973333
522.5,0.276934,0.277046,0.278282,0.2774206667
523,0.277511,0.277603,0.278803,0.2779723333
523.5,0.278076,0.278167,0.279428,0.278557
524,0.278606,0.278694,0.279968,0.2790893333
524.5,0.279158,0.279218,0.280483,0.2796196667
525,0.279699,0.279751,0.281077,0.2801756667
525.5,0.280335,0.280403,0.28168,0.280806
526,0.280898,0.280893,0.282199,0.28133
526.5,0.281379,0.281435,0.282701,0.2818383333
527,0.281909,0.281983,0.283236,0.282376
527.5,0.282501,0.282527,0.283767,0.2829316667
528,0.283013,0.283041,0.284264,0.2834393333
528.5,0.283512,0.283501,0.284755,0.2839226667
529,0.283961,0.28396,0.285221,0.2843806667
529.5,0.284469,0.284456,0.285765,0.2848966667
530,0.284971,0.284967,0.286288,0.2854086667
530.5,0.285439,0.285443,0.286698,0.28586
531,0.285853,0.28596,0.287169,0.2863273333
531.5,0.286357,0.286388,0.287639,0.2867946667
532,0.286732,0.286853,0.288075,0.28722
532.5,0.287195,0.287301,0.288549,0.2876816667
533,0.287659,0.287693,0.288991,0.2881143333
533.5,0.288186,0.28821,0.28944,0.288612
534,0.288522,0.288646,0.289774,0.2889806667
534.5,0.288995,0.289055,0.290224,0.2894246667
535,0.289413,0.289459,0.290675,0.289849
535.5,0.289839,0.289843,0.291085,0.2902556667
536,0.290528,0.290526,0.291676,0.29091
536.5,0.290918,0.290896,0.291998,0.2912706667
537,0.29099,0.291042,0.292111,0.291381
537.5,0.291249,0.291303,0.292378,0.2916433333
538,0.291616,0.291629,0.292707,0.291984
538.5,0.292035,0.292009,0.293088,0.2923773333
539,0.292391,0.292377,0.293447,0.2927383333
539.5,0.292767,0.292814,0.293809,0.29313
540,0.29318,0.29319,0.294203,0.2935243333
540.5,0.293527,0.293526,0.294556,0.2938696667
541,0.29389,0.293915,0.294966,0.294257
541.5,0.294113,0.294237,0.295272,0.2945406667
542,0.294528,0.294543,0.295642,0.2949043333
542.5,0.294883,0.294941,0.295967,0.2952636667
543,0.29523,0.295229,0.296324,0.2955943333
543.5,0.295674,0.295662,0.296701,0.2960123333
544,0.296009,0.29599,0.29705,0.2963496667
544.5,0.296312,0.296253,0.297353,0.2966393333
545,0.29658,0.29655,0.297596,0.2969086667
545.5,0.296803,0.296847,0.297919,0.2971896667
546,0.297143,0.297141,0.298207,0.297497
546.5,0.29746,0.297415,0.298555,0.29781
547,0.297778,0.297766,0.298882,0.298142
547.5,0.298117,0.29815,0.299162,0.2984763333
548,0.298439,0.298414,0.299499,0.298784
548.5,0.29874,0.29865,0.299767,0.2990523333
549,0.299043,0.298963,0.300087,0.2993643333
549.5,0.299274,0.299208,0.300369,0.299617
550,0.299527,0.299508,0.300622,0.2998856667
550.5,0.299857,0.2998,0.300932,0.3001963333
551,0.300128,0.300126,0.301177,0.300477
551.5,0.300388,0.300431,0.301459,0.3007593333
552,0.300717,0.300764,0.301791,0.3010906667
552.5,0.301019,0.301021,0.302038,0.3013593333
553,0.301256,0.301239,0.302339,0.3016113333
553.5,0.301574,0.301503,0.302696,0.3019243333
554,0.301886,0.301784,0.303001,0.3022236667
554.5,0.302086,0.301989,0.303222,0.3024323333
555,0.302373,0.302355,0.30352,0.3027493333
555.5,0.302635,0.302606,0.30376,0.3030003333
556,0.302869,0.302815,0.30399,0.3032246667
556.5,0.303173,0.303119,0.304256,0.303516
557,0.303339,0.303247,0.304455,0.3036803333
557.5,0.303628,0.303572,0.304702,0.3039673333
558,0.303831,0.303773,0.30487,0.304158
558.5,0.303964,0.303939,0.305071,0.3043246667
559,0.304301,0.304291,0.305406,0.304666
559.5,0.304511,0.304483,0.305581,0.3048583333
560,0.304745,0.304711,0.305758,0.3050713333
560.5,0.304892,0.304915,0.305963,0.3052566667
561,0.305064,0.305105,0.30614,0.3054363333
561.5,0.30536,0.305379,0.306391,0.30571
562,0.305592,0.305605,0.306637,0.3059446667
562.5,0.305709,0.305784,0.306787,0.3060933333
563,0.305932,0.30598,0.306986,0.3062993333
563.5,0.306115,0.306175,0.307211,0.3065003333
564,0.306369,0.306406,0.307356,0.3067103333
564.5,0.306619,0.306596,0.307604,0.3069396667
565,0.306733,0.306744,0.307772,0.307083
565.5,0.306959,0.306928,0.307918,0.3072683333
566,0.307191,0.307128,0.30814,0.3074863333
566.5,0.307248,0.307252,0.308313,0.3076043333
567,0.307456,0.307483,0.308444,0.3077943333
567.5,0.307682,0.307673,0.308621,0.307992
568,0.30787,0.30786,0.308792,0.308174
568.5,0.308006,0.308001,0.308956,0.308321
569,0.308118,0.308171,0.309085,0.308458
569.5,0.308251,0.308276,0.309268,0.3085983333
570,0.308455,0.308441,0.309433,0.3087763333
570.5,0.308588,0.308639,0.309645,0.3089573333
571,0.308775,0.308829,0.309834,0.309146
571.5,0.308985,0.309036,0.309943,0.3093213333
572,0.309107,0.309076,0.310132,0.3094383333
572.5,0.30926,0.309208,0.310258,0.3095753333
573,0.309412,0.309391,0.310387,0.30973
573.5,0.309553,0.309467,0.310569,0.309863
574,0.309676,0.30964,0.310665,0.3099936667
574.5,0.309852,0.309768,0.310797,0.310139
575,0.309966,0.309884,0.310996,0.310282
575.5,0.310102,0.310118,0.311122,0.3104473333
576,0.31027,0.310266,0.311277,0.3106043333
576.5,0.310323,0.310321,0.31136,0.310668
577,0.310444,0.310478,0.311446,0.3107893333
577.5,0.310494,0.310531,0.311569,0.3108646667
578,0.310647,0.310682,0.311711,0.3110133333
578.5,0.310866,0.310885,0.311824,0.3111916667
579,0.310981,0.310973,0.311984,0.3113126667
579.5,0.311067,0.311079,0.312125,0.3114236667
580,0.311229,0.311245,0.312225,0.3115663333
580.5,0.311245,0.311197,0.312267,0.3115696667
581,0.311331,0.311341,0.31232,0.311664
581.5,0.311458,0.311469,0.312427,0.3117846667
582,0.311571,0.311597,0.312645,0.3119376667
582.5,0.311795,0.311736,0.312723,0.3120846667
583,0.31195,0.311872,0.312822,0.3122146667
583.5,0.311935,0.311892,0.312901,0.3122426667
584,0.312074,0.312077,0.313,0.3123836667
584.5,0.312152,0.312185,0.313159,0.3124986667
585,0.312229,0.312232,0.313194,0.3125516667
585.5,0.312277,0.312298,0.31317,0.3125816667
586,0.312323,0.312348,0.313296,0.3126556667
586.5,0.3123,0.312326,0.313357,0.312661
587,0.312432,0.312456,0.31338,0.312756
587.5,0.312508,0.312465,0.313459,0.3128106667
588,0.312546,0.312596,0.313606,0.312916
588.5,0.312665,0.312688,0.313588,0.3129803333
589,0.312738,0.312763,0.313723,0.3130746667
589.5,0.312791,0.312812,0.313773,0.3131253333
590,0.312894,0.312898,0.313822,0.3132046667
590.5,0.312948,0.31297,0.313915,0.3132776667
591,0.313003,0.313008,0.313957,0.3133226667
591.5,0.313114,0.313113,0.314044,0.3134236667
592,0.313074,0.313082,0.314098,0.313418
592.5,0.313126,0.313134,0.314103,0.3134543333
593,0.31321,0.313255,0.314108,0.3135243333
593.5,0.31327,0.313263,0.314213,0.313582
594,0.313226,0.313256,0.31425,0.3135773333
594.5,0.313274,0.313319,0.314223,0.3136053333
595,0.31331,0.313289,0.314295,0.3136313333
595.5,0.313341,0.313356,0.314351,0.3136826667
596,0.313425,0.313467,0.314329,0.3137403333
596.5,0.313437,0.313463,0.314352,0.3137506667
597,0.313413,0.313397,0.314393,0.3137343333
597.5,0.313469,0.313485,0.314374,0.313776
598,0.313531,0.313568,0.314414,0.3138376667
598.5,0.313553,0.313527,0.314538,0.3138726667
599,0.313573,0.313564,0.314534,0.3138903333
599.5,0.313614,0.313556,0.314599,0.313923
600,0.313534,0.313547,0.314555,0.3138786667
600.5,0.313611,0.313641,0.314573,0.3139416667
601,0.313638,0.31368,0.31461,0.313976
601.5,0.313606,0.313669,0.314675,0.3139833333
602,0.313608,0.313634,0.314557,0.313933
602.5,0.313552,0.313574,0.314589,0.313905
603,0.313567,0.31357,0.314639,0.3139253333
603.5,0.313588,0.313583,0.314542,0.3139043333
604,0.313575,0.313584,0.314535,0.313898
604.5,0.313597,0.313611,0.314585,0.313931
605,0.31364,0.313685,0.314548,0.3139576667
605.5,0.313532,0.313632,0.314495,0.3138863333
606,0.313452,0.313582,0.314563,0.3138656667
606.5,0.313473,0.313548,0.314408,0.3138096667
607,0.313415,0.313525,0.314418,0.313786
607.5,0.313409,0.31353,0.314484,0.3138076667
608,0.313428,0.313524,0.314414,0.3137886667
608.5,0.313462,0.313491,0.314406,0.3137863333
609,0.313363,0.313407,0.314421,0.3137303333
609.5,0.31336,0.313384,0.314336,0.3136933333
610,0.313344,0.31335,0.314265,0.313653
610.5,0.3133,0.313289,0.314282,0.3136236667
611,0.3133,0.313311,0.314267,0.313626
611.5,0.313349,0.313336,0.314253,0.313646
612,0.313231,0.313231,0.314189,0.3135503333
612.5,0.313198,0.313227,0.314144,0.313523
613,0.31322,0.31321,0.31408,0.3135033333
613.5,0.313184,0.313137,0.314014,0.313445
614,0.313045,0.313005,0.313895,0.313315
614.5,0.313003,0.313009,0.313791,0.3132676667
615,0.312918,0.312957,0.313819,0.3132313333
615.5,0.312845,0.312855,0.313826,0.3131753333
616,0.312871,0.312885,0.313788,0.3131813333
616.5,0.312865,0.31282,0.313686,0.3131236667
617,0.312762,0.312713,0.313731,0.3130686667
617.5,0.312747,0.312671,0.313714,0.313044
618,0.312746,0.312677,0.313599,0.3130073333
618.5,0.312633,0.31265,0.313569,0.3129506667
619,0.312558,0.312634,0.313529,0.312907
619.5,0.312581,0.312563,0.313347,0.3128303333
620,0.31254,0.312534,0.313284,0.312786
620.5,0.31248,0.312464,0.313345,0.312763
621,0.312476,0.312469,0.313324,0.3127563333
621.5,0.312415,0.312441,0.313254,0.3127033333
622,0.312236,0.312238,0.313206,0.31256
622.5,0.312165,0.312194,0.313234,0.312531
623,0.312219,0.312222,0.313143,0.312528
623.5,0.312161,0.312165,0.313098,0.3124746667
624,0.312141,0.312151,0.313172,0.312488
624.5,0.312143,0.312182,0.313075,0.3124666667
625,0.312156,0.312212,0.313026,0.3124646667
625.5,0.312119,0.312168,0.313121,0.3124693333
626,0.312132,0.312209,0.313119,0.3124866667
626.5,0.312179,0.312199,0.313093,0.3124903333
627,0.312185,0.31228,0.313233,0.312566
627.5,0.312247,0.312335,0.313344,0.312642
628,0.312357,0.312429,0.313394,0.3127266667
628.5,0.312514,0.312552,0.31353,0.3128653333
629,0.312735,0.31278,0.313791,0.313102
629.5,0.312995,0.312993,0.313935,0.3133076667
630,0.313209,0.313181,0.314148,0.3135126667
630.5,0.313518,0.313535,0.314587,0.31388
631,0.314036,0.314028,0.315045,0.3143696667
631.5,0.314583,0.314532,0.315482,0.3148656667
632,0.315278,0.315231,0.316243,0.315584
632.5,0.316254,0.316175,0.317201,0.3165433333
633,0.317639,0.317607,0.318469,0.317905
633.5,0.31957,0.319524,0.320413,0.3198356667
634,0.322438,0.322357,0.32337,0.3227216667
634.5,0.324794,0.324713,0.325691,0.325066
635,0.324243,0.324142,0.325082,0.324489
635.5,0.320814,0.320773,0.321706,0.3210976667
636,0.316501,0.316513,0.317409,0.3168076667
636.5,0.3117,0.311672,0.312563,0.3119783333
637,0.30663,0.306601,0.307579,0.3069366667
637.5,0.301393,0.301366,0.302493,0.3017506667
638,0.295844,0.295879,0.296931,0.296218
638.5,0.289202,0.28935,0.290338,0.28963
639,0.282937,0.283154,0.284272,0.2834543333
639.5,0.276808,0.276992,0.278053,0.2772843333
640,0.27026,0.270346,0.271273,0.2706263333
640.5,0.263587,0.263705,0.264704,0.2639986667
641,0.257384,0.25748,0.258581,0.257815
641.5,0.251259,0.251394,0.252392,0.2516816667
642,0.245009,0.245182,0.246102,0.245431
642.5,0.239648,0.239685,0.240642,0.2399916667
643,0.234598,0.23458,0.235517,0.2348983333
643.5,0.229704,0.22964,0.230584,0.229976
644,0.225546,0.225484,0.226472,0.225834
644.5,0.222066,0.221995,0.223044,0.2223683333
645,0.219151,0.219105,0.220255,0.2195036667
645.5,0.216869,0.216816,0.217932,0.2172056667
646,0.21494,0.214915,0.216046,0.2153003333
646.5,0.213675,0.213672,0.214897,0.2140813333
647,0.213046,0.213072,0.214275,0.2134643333
647.5,0.21279,0.212837,0.213935,0.2131873333
648,0.212898,0.212933,0.21416,0.2133303333
648.5,0.213469,0.213512,0.214704,0.213895
649,0.214269,0.214283,0.215387,0.2146463333
649.5,0.215362,0.215315,0.216515,0.2157306667
650,0.216722,0.216706,0.217947,0.217125
650.5,0.218254,0.218296,0.219491,0.2186803333
651,0.219738,0.21975,0.220896,0.220128
651.5,0.221284,0.221396,0.222582,0.221754
652,0.223025,0.223149,0.224393,0.2235223333
652.5,0.224838,0.224931,0.226158,0.225309
653,0.226418,0.226545,0.227779,0.226914
653.5,0.228249,0.228334,0.229576,0.2287196667
654,0.230202,0.230285,0.231443,0.2306433333
654.5,0.231905,0.231975,0.233142,0.2323406667
655,0.233552,0.233603,0.23479,0.2339816667
655.5,0.23513,0.235187,0.236373,0.2355633333
656,0.236685,0.236739,0.237873,0.237099
656.5,0.238147,0.238269,0.239318,0.238578
657,0.239674,0.239727,0.240884,0.240095
657.5,0.241179,0.241216,0.24238,0.2415916667
658,0.242584,0.242553,0.243659,0.242932
658.5,0.243816,0.243745,0.24484,0.2441336667
659,0.245037,0.244973,0.246131,0.2453803333
659.5,0.246362,0.246251,0.247538,0.246717
660,0.247589,0.247462,0.248687,0.2479126667
660.5,0.248519,0.248451,0.249665,0.2488783333
661,0.24955,0.249503,0.250761,0.249938
661.5,0.250643,0.250596,0.251793,0.2510106667
662,0.251566,0.251495,0.252586,0.2518823333
662.5,0.252404,0.252362,0.253525,0.2527636667
663,0.253306,0.253351,0.254539,0.253732
663.5,0.254222,0.254271,0.255383,0.2546253333
664,0.254888,0.254978,0.256061,0.255309
664.5,0.255566,0.255599,0.256691,0.255952
665,0.256342,0.256331,0.25749,0.256721
665.5,0.257101,0.25709,0.258194,0.2574616667
666,0.257685,0.257679,0.258738,0.258034
666.5,0.2582,0.258163,0.25929,0.258551
667,0.258815,0.258805,0.259997,0.2592056667
667.5,0.259387,0.25938,0.260483,0.25975
668,0.259834,0.259796,0.260928,0.260186
668.5,0.260292,0.260233,0.261403,0.2606426667
669,0.260885,0.260817,0.262013,0.2612383333
669.5,0.261407,0.261345,0.26248,0.261744
670,0.261635,0.261679,0.262801,0.2620383333
670.5,0.261913,0.262053,0.263172,0.2623793333
671,0.2625,0.262585,0.263755,0.2629466667
671.5,0.262882,0.26297,0.264084,0.263312
672,0.263161,0.263207,0.264359,0.2635756667
672.5,0.263549,0.263613,0.264777,0.2639796667
673,0.263971,0.263995,0.265158,0.2643746667
673.5,0.264185,0.264265,0.265352,0.2646006667
674,0.264258,0.264376,0.265513,0.2647156667
674.5,0.264507,0.26462,0.265748,0.2649583333
675,0.26488,0.264963,0.265965,0.2652693333
675.5,0.264962,0.265023,0.266083,0.265356
676,0.265028,0.26504,0.266178,0.2654153333
676.5,0.265309,0.265345,0.266486,0.2657133333
677,0.265616,0.265593,0.266736,0.2659816667
677.5,0.265629,0.265666,0.266799,0.2660313333
678,0.265643,0.265715,0.266806,0.2660546667
678.5,0.265825,0.265911,0.26694,0.2662253333
679,0.266092,0.266117,0.267167,0.2664586667
679.5,0.266064,0.266055,0.267125,0.2664146667
680,0.265991,0.26601,0.26713,0.266377
680.5,0.266082,0.266113,0.267294,0.2664963333
681,0.266267,0.266234,0.26741,0.266637
681.5,0.266151,0.266157,0.267323,0.2665436667
682,0.266049,0.266131,0.267297,0.2664923333
682.5,0.266188,0.266345,0.26743,0.2666543333
683,0.266314,0.266449,0.267448,0.266737
683.5,0.266199,0.266304,0.267367,0.2666233333
684,0.266053,0.266106,0.267189,0.2664493333
684.5,0.266088,0.266142,0.267143,0.2664576667
685,0.266152,0.266175,0.267167,0.266498
685.5,0.265952,0.266017,0.267048,0.266339
686,0.265814,0.265881,0.266948,0.2662143333
686.5,0.265912,0.265954,0.267014,0.2662933333
687,0.26591,0.265945,0.267016,0.2662903333
687.5,0.265721,0.265749,0.266811,0.2660936667
688,0.265518,0.265522,0.266637,0.2658923333
688.5,0.265524,0.265525,0.266629,0.2658926667
689,0.265549,0.265531,0.266649,0.2659096667
689.5,0.265285,0.265263,0.266484,0.2656773333
690,0.264958,0.264934,0.26613,0.2653406667
690.5,0.2648,0.26484,0.266016,0.2652186667
691,0.264914,0.26488,0.266106,0.2653
691.5,0.264733,0.264668,0.265962,0.265121
692,0.264424,0.264345,0.265712,0.264827
692.5,0.264348,0.264299,0.265576,0.264741
693,0.264347,0.264349,0.265485,0.264727
693.5,0.264172,0.264151,0.265365,0.2645626667
694,0.263824,0.263764,0.265051,0.264213
694.5,0.263567,0.263441,0.264765,0.2639243333
695,0.263562,0.263528,0.26472,0.2639366667
695.5,0.263417,0.263318,0.264568,0.2637676667
696,0.262967,0.262894,0.264223,0.2633613333
696.5,0.262777,0.26267,0.263972,0.2631396667
697,0.262777,0.262705,0.263914,0.263132
697.5,0.262509,0.262495,0.263745,0.2629163333
698,0.262073,0.262111,0.263401,0.2625283333
698.5,0.261869,0.261837,0.263039,0.2622483333
699,0.261864,0.261809,0.262964,0.2622123333
699.5,0.261627,0.261614,0.262791,0.2620106667
700,0.261145,0.261178,0.262425,0.2615826667
700.5,0.260776,0.260787,0.262043,0.261202
701,0.26069,0.260774,0.261908,0.261124
701.5,0.260603,0.260616,0.261754,0.260991
702,0.260181,0.260159,0.26135,0.2605633333
702.5,0.259797,0.259815,0.260998,0.2602033333
703,0.259739,0.259798,0.260889,0.260142
703.5,0.259626,0.259625,0.260742,0.2599976667
704,0.259261,0.25926,0.260451,0.2596573333
704.5,0.258825,0.258855,0.260042,0.2592406667
705,0.258576,0.258578,0.259704,0.2589526667
705.5,0.258467,0.258546,0.259639,0.258884
706,0.258128,0.258202,0.259314,0.258548
706.5,0.257623,0.257676,0.258897,0.2580653333
707,0.257368,0.257423,0.258572,0.2577876667
707.5,0.257286,0.25727,0.258417,0.2576576667
708,0.257006,0.257016,0.258135,0.2573856667
708.5,0.256443,0.256538,0.257736,0.2569056667
709,0.256057,0.256175,0.257343,0.256525
709.5,0.255982,0.256087,0.25713,0.2563996667
710,0.255899,0.255972,0.257,0.2562903333
710.5,0.255571,0.255566,0.256787,0.2559746667
711,0.254998,0.254985,0.256208,0.255397
711.5,0.254686,0.254713,0.255836,0.2550783333
712,0.254598,0.254644,0.255749,0.254997
712.5,0.254392,0.254407,0.255553,0.254784
713,0.253917,0.253861,0.255166,0.2543146667
713.5,0.253466,0.253432,0.254691,0.253863
714,0.253317,0.25335,0.254406,0.253691
714.5,0.253211,0.253187,0.254288,0.253562
715,0.252737,0.252712,0.253944,0.253131
715.5,0.25216,0.25216,0.253396,0.252572
716,0.25184,0.251896,0.253032,0.252256
716.5,0.251775,0.251822,0.252883,0.25216
717,0.251561,0.251526,0.252716,0.2519343333
717.5,0.250886,0.250854,0.252146,0.2512953333
718,0.250398,0.250409,0.251638,0.250815
718.5,0.250334,0.250357,0.251451,0.250714
719,0.250115,0.250126,0.251273,0.2505046667
719.5,0.249582,0.249614,0.250904,0.2500333333
720,0.249066,0.249151,0.250399,0.2495386667
720.5,0.248832,0.248905,0.250025,0.249254
721,0.248693,0.248767,0.249861,0.249107
721.5,0.248294,0.248349,0.249582,0.2487416667
722,0.247629,0.247683,0.249012,0.248108
722.5,0.247246,0.247319,0.24854,0.2477016667
723,0.247179,0.247285,0.248322,0.2475953333
723.5,0.246929,0.246965,0.248199,0.2473643333
724,0.246367,0.246321,0.247748,0.246812
724.5,0.245841,0.245847,0.247191,0.246293
725,0.245648,0.245692,0.246769,0.2460363333
725.5,0.245479,0.245528,0.246604,0.2458703333
726,0.245075,0.245077,0.246377,0.2455096667
726.5,0.244419,0.244421,0.245838,0.2448926667
727,0.244022,0.243986,0.245266,0.2444246667
727.5,0.243914,0.243907,0.245077,0.2442993333
728,0.243755,0.24374,0.244884,0.2441263333
728.5,0.243163,0.243126,0.244502,0.243597
729,0.24259,0.242505,0.243954,0.2430163333
729.5,0.242359,0.242375,0.2436,0.242778
730,0.242254,0.242306,0.243439,0.2426663333
730.5,0.241915,0.241868,0.243192,0.242325
731,0.241342,0.241288,0.242689,0.241773
731.5,0.240888,0.240794,0.24216,0.2412806667
732,0.240712,0.240695,0.241857,0.241088
732.5,0.240522,0.240546,0.241679,0.2409156667
733,0.240052,0.240036,0.241382,0.24049
733.5,0.239327,0.239366,0.240773,0.239822
734,0.23894,0.239018,0.24025,0.2394026667
734.5,0.238935,0.238969,0.24005,0.239318
735,0.238729,0.238754,0.239949,0.239144
735.5,0.23808,0.238138,0.23953,0.2385826667
736,0.237521,0.237566,0.238961,0.238016
736.5,0.237299,0.237349,0.238544,0.2377306667
737,0.237159,0.237232,0.238313,0.237568
737.5,0.236864,0.23686,0.238144,0.2372893333
738,0.236291,0.236319,0.23771,0.2367733333
738.5,0.235698,0.235707,0.237117,0.236174
739,0.235448,0.235467,0.236731,0.235882
739.5,0.23545,0.23546,0.236559,0.235823
740,0.235026,0.235076,0.236359,0.235487
740.5,0.234335,0.234359,0.235836,0.2348433333
741,0.233866,0.233901,0.235316,0.234361
741.5,0.233774,0.233803,0.234968,0.2341816667
742,0.23361,0.233644,0.234789,0.2340143333
742.5,0.233097,0.233152,0.234515,0.233588
743,0.23254,0.232631,0.234066,0.233079
743.5,0.232179,0.232248,0.233524,0.2326503333
744,0.232077,0.232106,0.233273,0.2324853333
744.5,0.231909,0.231884,0.233121,0.2323046667
745,0.231295,0.231249,0.232663,0.2317356667
745.5,0.23055,0.230572,0.232023,0.2310483333
746,0.230257,0.230321,0.231553,0.2307103333
746.5,0.230212,0.230253,0.231348,0.2306043333
747,0.229892,0.229866,0.231144,0.2303006667
747.5,0.229197,0.229143,0.230669,0.2296696667
748,0.228717,0.228694,0.230089,0.2291666667
748.5,0.228579,0.22861,0.229704,0.2289643333
749,0.228394,0.22845,0.229551,0.2287983333
749.5,0.227981,0.228028,0.229394,0.2284676667
750,0.227353,0.227388,0.228861,0.2278673333
750.5,0.226856,0.226853,0.228229,0.2273126667
751,0.226697,0.226775,0.227916,0.2271293333
751.5,0.22661,0.226698,0.22779,0.2270326667
752,0.226201,0.226236,0.22755,0.2266623333
752.5,0.225498,0.225505,0.227051,0.226018
753,0.225114,0.225161,0.2265,0.2255916667
753.5,0.225037,0.225133,0.226201,0.225457
754,0.224884,0.224927,0.226082,0.2252976667
754.5,0.2243,0.224411,0.225857,0.224856
755,0.223771,0.223855,0.225362,0.2243293333
755.5,0.22342,0.22346,0.22472,0.2238666667
756,0.223252,0.223285,0.224374,0.223637
756.5,0.223139,0.2232,0.224284,0.223541
757,0.222759,0.222789,0.224093,0.2232136667
757.5,0.222102,0.2221,0.223617,0.2226063333
758,0.221599,0.221659,0.223038,0.2220986667
758.5,0.221561,0.221619,0.222676,0.221952
759,0.221492,0.221505,0.222578,0.2218583333
759.5,0.221068,0.221054,0.222433,0.2215183333
760,0.220466,0.220472,0.222092,0.22101
760.5,0.220033,0.220113,0.221442,0.2205293333
761,0.219875,0.219957,0.221025,0.2202856667
761.5,0.219699,0.219772,0.220849,0.2201066667
762,0.219347,0.219343,0.220695,0.219795
762.5,0.218806,0.218794,0.220215,0.2192716667
763,0.218209,0.218247,0.219593,0.218683
763.5,0.217974,0.218088,0.219126,0.218396
764,0.217927,0.218035,0.218981,0.2183143333
764.5,0.217628,0.217684,0.218867,0.2180596667
765,0.216896,0.216932,0.21846,0.2174293333
765.5,0.216499,0.216585,0.217946,0.21701
766,0.216414,0.216515,0.217492,0.216807
766.5,0.216324,0.216434,0.217385,0.2167143333
767,0.215914,0.215968,0.217293,0.2163916667
767.5,0.215329,0.215317,0.216845,0.2158303333
768,0.214783,0.214843,0.216167,0.2152643333
768.5,0.214586,0.214651,0.215744,0.2149936667
769,0.214596,0.214647,0.215671,0.2149713333
769.5,0.214369,0.214402,0.21564,0.2148036667
770,0.213684,0.213715,0.215257,0.2142186667
770.5,0.213056,0.213123,0.214659,0.2136126667
771,0.212967,0.213087,0.214189,0.2134143333
771.5,0.212985,0.213114,0.214047,0.213382
772,0.212674,0.212718,0.213976,0.2131226667
772.5,0.211949,0.212016,0.213664,0.212543
773,0.211557,0.211628,0.213072,0.2120856667
773.5,0.211393,0.211483,0.212591,0.2118223333
774,0.211281,0.211376,0.212417,0.2116913333
774.5,0.210974,0.211071,0.212369,0.2114713333
775,0.210499,0.210574,0.21204,0.2110376667
775.5,0.209937,0.209985,0.211451,0.2104576667
776,0.209655,0.209747,0.210938,0.2101133333
776.5,0.20969,0.209763,0.210724,0.210059
777,0.209534,0.209545,0.21065,0.2099096667
777.5,0.208941,0.208925,0.210514,0.20946
778,0.208284,0.208261,0.210048,0.2088643333
778.5,0.208124,0.20813,0.209431,0.2085616667
779,0.208058,0.208124,0.209085,0.2084223333
779.5,0.207878,0.207955,0.209038,0.2082903333
780,0.207414,0.207417,0.20893,0.2079203333
780.5,0.206941,0.20693,0.208537,0.2074693333
781,0.206522,0.206527,0.207969,0.207006
781.5,0.20635,0.20639,0.207606,0.206782
782,0.206372,0.20637,0.207507,0.2067496667
782.5,0.206143,0.206127,0.207417,0.2065623333
783,0.205541,0.205521,0.207072,0.2060446667
783.5,0.204847,0.204932,0.206548,0.2054423333
784,0.204811,0.204919,0.206041,0.205257
784.5,0.204825,0.204884,0.205792,0.205167
785,0.204615,0.204688,0.205755,0.2050193333
785.5,0.203942,0.204037,0.205673,0.2045506667
786,0.203478,0.203532,0.205217,0.2040756667
786.5,0.20324,0.203328,0.204589,0.203719
787,0.203126,0.203232,0.204261,0.2035396667
787.5,0.203013,0.203094,0.204241,0.2034493333
788,0.202681,0.202717,0.204153,0.2031836667
788.5,0.202115,0.20215,0.20365,0.2026383333
789,0.201515,0.201583,0.203064,0.202054
789.5,0.201463,0.201545,0.202623,0.201877
790,0.201475,0.201524,0.202495,0.2018313333
790.5,0.201209,0.201195,0.202436,0.2016133333
791,0.200385,0.200411,0.202188,0.2009946667
791.5,0.199981,0.200007,0.20155,0.2005126667
792,0.199895,0.19995,0.201016,0.200287
792.5,0.199837,0.199843,0.200832,0.2001706667
793,0.199437,0.199434,0.200842,0.1999043333
793.5,0.198904,0.198937,0.200609,0.1994833333
794,0.198514,0.1985,0.200032,0.1990153333
794.5,0.198148,0.198152,0.199498,0.1985993333
795,0.198106,0.198164,0.199212,0.198494
795.5,0.197963,0.198003,0.199149,0.1983716667
796,0.197707,0.197667,0.198986,0.19812
796.5,0.196932,0.196897,0.198571,0.1974666667
797,0.196428,0.196426,0.198029,0.196961
797.5,0.196459,0.196504,0.197481,0.1968146667
798,0.196429,0.196471,0.197304,0.1967346667
798.5,0.196122,0.196052,0.197292,0.1964886667
799,0.195359,0.195335,0.19718,0.195958
799.5,0.194962,0.194998,0.196592,0.1955173333
800,0.194615,0.194702,0.195882,0.1950663333
800.5,0.194498,0.194596,0.195544,0.1948793333
801,0.19434,0.194377,0.195539,0.194752
801.5,0.193993,0.193996,0.195485,0.1944913333
802,0.19352,0.19351,0.195105,0.194045
802.5,0.19287,0.192897,0.194589,0.193452
803,0.192687,0.192745,0.194,0.193144
803.5,0.192643,0.192692,0.193603,0.1929793333
804,0.192493,0.192542,0.193498,0.1928443333
804.5,0.191946,0.191893,0.193415,0.192418
805,0.191137,0.191174,0.193106,0.1918056667
805.5,0.190923,0.190999,0.192404,0.191442
806,0.190789,0.190842,0.191812,0.1911476667
806.5,0.190662,0.190726,0.19161,0.1909993333
807,0.190234,0.190225,0.191616,0.1906916667
807.5,0.18967,0.189654,0.191391,0.1902383333
808,0.189246,0.189211,0.190778,0.189745
808.5,0.188665,0.188685,0.190092,0.1891473333
809,0.188486,0.188574,0.18958,0.18888
809.5,0.188256,0.188299,0.189302,0.188619
810,0.187924,0.187914,0.18917,0.188336
810.5,0.187175,0.187143,0.188843,0.1877203333
811,0.186455,0.186489,0.18827,0.1870713333
811.5,0.186297,0.186377,0.18749,0.1867213333
812,0.186137,0.186217,0.186988,0.1864473333
812.5,0.185895,0.185942,0.186889,0.186242
813,0.18509,0.185076,0.186828,0.1856646667
813.5,0.184593,0.184597,0.186392,0.185194
814,0.184266,0.184255,0.185612,0.184711
814.5,0.183814,0.183849,0.184876,0.1841796667
815,0.183549,0.1836,0.184551,0.1839
815.5,0.183042,0.183098,0.184458,0.1835326667
816,0.182559,0.182633,0.184119,0.1831036667
816.5,0.1817,0.181772,0.183456,0.1823093333
817,0.181215,0.181294,0.182712,0.1817403333
817.5,0.181084,0.181151,0.182005,0.1814133333
818,0.180823,0.180849,0.181645,0.1811056667
818.5,0.180343,0.180315,0.181527,0.1807283333
819,0.179368,0.179359,0.181264,0.179997
819.5,0.178796,0.178847,0.180489,0.1793773333
820,0.178467,0.178508,0.179588,0.1788543333
820.5,0.178146,0.17819,0.178983,0.1784396667
821,0.177718,0.177752,0.178762,0.1780773333
821.5,0.176991,0.177025,0.178646,0.177554
822,0.176496,0.176562,0.178121,0.1770596667
822.5,0.175805,0.175848,0.177313,0.176322
823,0.175244,0.17533,0.176579,0.1757176667
823.5,0.174989,0.175083,0.175965,0.1753456667
824,0.174555,0.174641,0.175576,0.174924
824.5,0.17414,0.17408,0.17529,0.1745033333
825,0.173164,0.173127,0.174889,0.1737266667
825.5,0.172362,0.172405,0.174201,0.1729893333
826,0.172075,0.172125,0.173214,0.1724713333
826.5,0.171698,0.171745,0.172475,0.1719726667
827,0.171303,0.17134,0.172161,0.1716013333
827.5,0.170406,0.170394,0.172024,0.1709413333
828,0.169626,0.169687,0.171546,0.1702863333
828.5,0.16916,0.169214,0.170587,0.1696536667
829,0.168487,0.168581,0.169672,0.1689133333
829.5,0.168153,0.168229,0.169065,0.1684823333
830,0.167631,0.1676,0.168674,0.1679683333
830.5,0.166999,0.16704,0.16834,0.1674596667
831,0.166282,0.166309,0.167735,0.1667753333
831.5,0.165196,0.165273,0.166919,0.165796
832,0.164693,0.164797,0.165992,0.1651606667
832.5,0.164294,0.164342,0.165095,0.164577
833,0.163846,0.163905,0.164601,0.1641173333
833.5,0.163084,0.163075,0.164273,0.1634773333
834,0.161909,0.161957,0.163886,0.162584
834.5,0.161434,0.161468,0.163094,0.1619986667
835,0.16085,0.160868,0.161909,0.161209
835.5,0.160261,0.16032,0.161007,0.1605293333
836,0.159575,0.159621,0.160563,0.1599196667
836.5,0.158654,0.15873,0.160256,0.1592133333
837,0.158082,0.158119,0.159646,0.1586156667
837.5,0.157118,0.157112,0.158554,0.1575946667
838,0.156337,0.156406,0.157507,0.15675
838.5,0.155851,0.155903,0.156656,0.1561366667
839,0.155225,0.155287,0.15609,0.155534
839.5,0.154563,0.154646,0.155721,0.1549766667
840,0.153364,0.153401,0.155106,0.153957
840.5,0.152578,0.152624,0.154328,0.1531766667
841,0.152144,0.152185,0.153161,0.1524966667
841.5,0.151573,0.151633,0.152194,0.1518
842,0.150992,0.151065,0.151712,0.1512563333
842.5,0.149907,0.149988,0.151421,0.1504386667
843,0.149025,0.149102,0.150907,0.149678
843.5,0.14838,0.148451,0.149902,0.148911
844,0.147483,0.14755,0.148636,0.1478896667
844.5,0.146893,0.14701,0.147703,0.147202
845,0.146225,0.146267,0.147099,0.1465303333
845.5,0.145496,0.145542,0.146668,0.145902
846,0.144814,0.144847,0.146144,0.1452683333
846.5,0.14357,0.143656,0.145296,0.144174
847,0.142771,0.14289,0.144364,0.1433416667
847.5,0.142351,0.142445,0.143283,0.142693
848,0.141795,0.141892,0.142375,0.1420206667
848.5,0.141244,0.141287,0.141895,0.1414753333
849,0.140048,0.140035,0.141498,0.140527
849.5,0.138939,0.139011,0.140876,0.1396086667
850,0.138418,0.138474,0.139885,0.1389256667
850.5,0.137669,0.137767,0.138603,0.138013
851,0.13708,0.137186,0.137672,0.1373126667
851.5,0.136362,0.136408,0.137195,0.136655
852,0.135475,0.13551,0.136808,0.135931
852.5,0.134837,0.134882,0.13625,0.135323
853,0.133805,0.133787,0.135219,0.1342703333
853.5,0.132773,0.132875,0.134033,0.133227
854,0.132215,0.132327,0.132993,0.1325116667
854.5,0.13146,0.131555,0.132116,0.1317103333
855,0.13091,0.130976,0.131667,0.1311843333
855.5,0.12981,0.129808,0.131187,0.1302683333
856,0.12859,0.12869,0.130473,0.129251
856.5,0.128059,0.128183,0.129452,0.1285646667
857,0.127379,0.12746,0.128107,0.1276486667
857.5,0.12675,0.126851,0.127143,0.1269146667
858,0.125884,0.12591,0.126715,0.1261696667
858.5,0.124733,0.124767,0.126331,0.125277
859,0.124134,0.124186,0.125685,0.1246683333
859.5,0.123277,0.123288,0.12449,0.123685
860,0.122428,0.12246,0.123216,0.1227013333
860.5,0.121808,0.121852,0.122378,0.1220126667
861,0.121004,0.121034,0.121772,0.12127
861.5,0.120422,0.12044,0.121342,0.1207346667
862,0.119392,0.119375,0.120787,0.1198513333
862.5,0.11816,0.118243,0.119854,0.1187523333
863,0.117638,0.117764,0.118822,0.1180746667
863.5,0.116986,0.117107,0.117596,0.1172296667
864,0.116374,0.116466,0.116699,0.116513
864.5,0.11555,0.115553,0.116336,0.115813
865,0.114284,0.114347,0.116001,0.1148773333
865.5,0.113639,0.11373,0.115309,0.114226
866,0.113007,0.113021,0.114115,0.113381
866.5,0.112258,0.112361,0.11279,0.1124696667
867,0.111774,0.111834,0.112086,0.111898
867.5,0.11085,0.110892,0.111677,0.1111396667
868,0.110127,0.110175,0.111283,0.1105283333
868.5,0.109457,0.109499,0.110761,0.1099056667
869,0.108342,0.108412,0.109754,0.108836
869.5,0.107628,0.107698,0.108681,0.1080023333
870,0.107046,0.107082,0.107742,0.10729
870.5,0.106368,0.106488,0.106854,0.10657
871,0.105915,0.106014,0.106402,0.1061103333
871.5,0.104917,0.105014,0.106164,0.105365
872,0.103826,0.103902,0.105595,0.104441
872.5,0.103349,0.103408,0.104782,0.1038463333
873,0.10268,0.102778,0.103464,0.102974
873.5,0.102121,0.102233,0.102325,0.1022263333
874,0.101527,0.101596,0.101827,0.10165
874.5,0.100561,0.100581,0.10161,0.1009173333
875,0.099905,0.099941,0.101291,0.100379
875.5,0.099324,0.099297,0.100661,0.09976066667
876,0.098328,0.098361,0.09935,0.09867966667
876.5,0.097797,0.097869,0.09832,0.09799533333
877,0.097146,0.097174,0.09763,0.09731666667
877.5,0.096501,0.096565,0.09709,0.09671866667
878,0.096009,0.096043,0.096827,0.096293
878.5,0.094868,0.094927,0.096324,0.095373
879,0.094039,0.094109,0.095481,0.094543
879.5,0.093612,0.093693,0.094539,0.093948
880,0.093031,0.093125,0.093365,0.09317366667
880.5,0.092545,0.092574,0.092562,0.09256033333
881,0.091712,0.09167,0.092385,0.09192233333
881.5,0.090695,0.090733,0.092174,0.09120066667
882,0.090229,0.090338,0.091706,0.09075766667
882.5,0.08963,0.089688,0.0907,0.090006
883,0.089016,0.089135,0.0894,0.08918366667
883.5,0.088543,0.088615,0.088707,0.08862166667
884,0.087719,0.087764,0.088349,0.087944
884.5,0.08726,0.087336,0.08813,0.08757533333
885,0.086816,0.086838,0.087994,0.087216
885.5,0.085862,0.08591,0.087273,0.08634833333
886,0.085272,0.085336,0.086229,0.08561233333
886.5,0.084901,0.084937,0.085428,0.08508866667
887,0.084319,0.084373,0.084536,0.08440933333
887.5,0.083887,0.083946,0.084029,0.083954
888,0.083124,0.083125,0.084015,0.08342133333
888.5,0.082127,0.082182,0.083696,0.08266833333
889,0.081776,0.081855,0.083116,0.082249
889.5,0.081414,0.081468,0.082298,0.08172666667
890,0.08087,0.080959,0.081039,0.080956
890.5,0.080479,0.080541,0.080315,0.080445
891,0.079668,0.079695,0.080185,0.07984933333
891.5,0.078995,0.07903,0.080082,0.079369
892,0.07872,0.078735,0.079949,0.07913466667
892.5,0.078153,0.078134,0.079473,0.07858666667
893,0.077511,0.077543,0.078383,0.07781233333
893.5,0.077103,0.077192,0.077395,0.07723
894,0.076511,0.076561,0.07684,0.07663733333
894.5,0.076059,0.076133,0.076325,0.07617233333
895,0.075842,0.075897,0.076304,0.07601433333
895.5,0.075079,0.075067,0.076318,0.075488
896,0.074335,0.074375,0.075725,0.07481166667
896.5,0.074098,0.074128,0.075018,0.07441466667
897,0.073625,0.073642,0.074134,0.07380033333
897.5,0.07326,0.073321,0.073117,0.07323266667
898,0.0729,0.072873,0.072866,0.07287966667
898.5,0.07194,0.071883,0.072948,0.072257
899,0.071389,0.071461,0.07277,0.07187333333
899.5,0.071161,0.071243,0.072463,0.07162233333
900,0.070755,0.070839,0.071945,0.07117966667