Wavelength,Test 1,Test 2,Test 3,Average
300.0000000,4.0000000,4.0000000,4.0000000,4.0000000
300.5000000,3.9886620,3.9834140,3.9490280,3.9737013
301.0000000,4.0000000,4.0000000,3.9832430,3.9944143
301.5000000,4.0000000,3.9422700,4.0000000,3.9807567
302.0000000,4.0000000,4.0000000,4.0000000,4.0000000
302.5000000,3.9168070,3.9820320,4.0000000,3.9662797
303.0000000,3.9658120,3.9271030,4.0000000,3.9643050
303.5000000,3.9775580,4.0000000,3.9936630,3.9904070
304.0000000,3.9508840,4.0000000,3.9733650,3.9747497
304.5000000,4.0000000,4.0000000,4.0000000,4.0000000
305.0000000,3.9454840,4.0000000,4.0000000,3.9818280
305.5000000,4.0000000,4.0000000,4.0000000,4.0000000
306.0000000,3.8847110,4.0000000,3.9635280,3.9494130
306.5000000,3.9580370,4.0000000,4.0000000,3.9860123
307.0000000,4.0000000,3.9854370,3.9664000,3.9839457
307.5000000,3.9543110,4.0000000,3.9782840,3.9775317
308.0000000,4.0000000,3.9797570,3.9448430,3.9748667
308.5000000,3.9942820,3.9942920,4.0000000,3.9961913
309.0000000,3.9623020,4.0000000,3.9855330,3.9826117
309.5000000,4.0000000,3.9722480,3.9855390,3.9859290
310.0000000,3.9855240,3.9723050,3.9799760,3.9792683
310.5000000,3.9722690,4.0000000,4.0000000,3.9907563
311.0000000,3.9639990,4.0000000,3.9856300,3.9832097
311.5000000,4.0000000,3.9455180,4.0000000,3.9818393
312.0000000,4.0000000,4.0000000,4.0000000,4.0000000
312.5000000,4.0000000,3.9856200,4.0000000,3.9952067
313.0000000,4.0000000,4.0000000,4.0000000,4.0000000
313.5000000,4.0000000,4.0000000,4.0000000,4.0000000
314.0000000,3.9669330,3.9074540,4.0000000,3.9581290
314.5000000,3.9245540,3.9060910,4.0000000,3.9435483
315.0000000,3.9854530,3.9434670,3.9216870,3.9502023
315.5000000,4.0000000,4.0000000,4.0000000,4.0000000
316.0000000,3.9181370,4.0000000,4.0000000,3.9727123
316.5000000,4.0000000,4.0000000,4.0000000,4.0000000
317.0000000,4.0000000,4.0000000,4.0000000,4.0000000
317.5000000,3.9937580,4.0000000,3.9874920,3.9937500
318.0000000,4.0000000,3.9715560,4.0000000,3.9905187
318.5000000,3.9487370,4.0000000,4.0000000,3.9829123
319.0000000,4.0000000,4.0000000,4.0000000,4.0000000
319.5000000,3.9427260,4.0000000,3.9770930,3.9732730
320.0000000,3.9311610,4.0000000,4.0000000,3.9770537
320.5000000,4.0000000,4.0000000,4.0000000,4.0000000
321.0000000,3.9835940,4.0000000,3.9924300,3.9920080
321.5000000,3.9522610,3.9489300,3.9924300,3.9645403
322.0000000,3.8573310,3.9521330,3.7512910,3.8535850
322.5000000,3.9043620,4.0000000,4.0000000,3.9681207
323.0000000,3.9482680,4.0000000,4.0000000,3.9827560
323.5000000,4.0000000,4.0000000,4.0000000,4.0000000
324.0000000,4.0000000,3.9510450,3.9261400,3.9590617
324.5000000,4.0000000,4.0000000,4.0000000,4.0000000
325.0000000,4.0000000,4.0000000,3.9905760,3.9968587
325.5000000,4.0000000,4.0000000,3.9741750,3.9913917
326.0000000,3.9625110,3.9501330,3.9812520,3.9646320
326.5000000,4.0000000,4.0000000,4.0000000,4.0000000
327.0000000,4.0000000,3.9530250,3.8994010,3.9508087
327.5000000,4.0000000,3.9728390,3.9571150,3.9766513
328.0000000,3.9884760,3.9340470,3.9462020,3.9562417
328.5000000,3.9883630,3.9417600,3.9066910,3.9456047
329.0000000,3.9444310,4.0000000,3.9785740,3.9743350
329.5000000,3.9161000,4.0000000,3.9992060,3.9717687
330.0000000,4.0000000,3.9558490,3.9654060,3.9737517
330.5000000,3.9710540,3.9869780,3.9985010,3.9855110
331.0000000,4.0000000,3.9464510,4.0000000,3.9821503
331.5000000,3.9864120,3.9463200,4.0000000,3.9775773
332.0000000,4.0000000,3.9638690,3.9533260,3.9723983
332.5000000,4.0000000,3.9857910,3.9365020,3.9740977
333.0000000,3.9965400,4.0000000,3.9580380,3.9848593
333.5000000,3.9167670,4.0000000,4.0000000,3.9722557
334.0000000,3.9848170,4.0000000,3.9960700,3.9936290
334.5000000,4.0000000,4.0000000,4.0000000,4.0000000
335.0000000,4.0000000,4.0000000,3.9907680,3.9969227
335.5000000,3.9747420,3.9749220,3.9838340,3.9778327
336.0000000,3.8041960,4.0000000,3.9163430,3.9068463
336.5000000,3.9147320,3.9556980,3.9342570,3.9348957
337.0000000,4.0000000,4.0000000,3.9604290,3.9868097
337.5000000,4.0000000,4.0000000,3.9271530,3.9757177
338.0000000,3.9254300,4.0000000,3.7273790,3.8842697
338.5000000,3.9929510,3.9654620,4.0000000,3.9861377
339.0000000,3.9925590,3.9344870,4.0000000,3.9756820
339.5000000,3.9720180,4.0000000,4.0000000,3.9906727
340.0000000,3.9036310,3.9506700,4.0000000,3.9514337
340.5000000,3.9239490,4.0000000,4.0000000,3.9746497
341.0000000,3.8183800,3.9386380,4.0000000,3.9190060
341.5000000,4.0000000,3.9548110,3.9488380,3.9678830
342.0000000,4.0000000,4.0000000,4.0000000,4.0000000
342.5000000,4.0000000,4.0000000,3.9831420,3.9943807
343.0000000,4.0000000,3.9836720,3.9559230,3.9798650
343.5000000,3.9360990,3.8359800,3.9836700,3.9185830
344.0000000,3.9730830,4.0000000,3.9844150,3.9858327
344.5000000,4.0000000,3.8937450,4.0000000,3.9645817
345.0000000,4.0000000,4.0000000,3.9704460,3.9901487
345.5000000,3.9466880,3.9103120,4.0000000,3.9523333
346.0000000,3.9858800,4.0000000,4.0000000,3.9952933
346.5000000,3.9142580,4.0000000,4.0000000,3.9714193
347.0000000,3.8515710,3.9484750,3.9220070,3.9073510
347.5000000,3.9481950,4.0000000,3.9666990,3.9716313
348.0000000,4.0000000,3.9209340,4.0000000,3.9736447
348.5000000,3.9280120,3.9765140,4.0000000,3.9681753
349.0000000,3.8994150,3.9766000,4.0000000,3.9586717
349.5000000,3.9680640,3.9563810,4.0000000,3.9748150
350.0000000,4.0000000,3.9886290,4.0000000,3.9962097
350.5000000,3.9889090,4.0000000,3.8406490,3.9431860
351.0000000,4.0000000,3.9312820,3.9378690,3.9563837
351.5000000,3.9893340,4.0000000,3.9418400,3.9770580
352.0000000,3.9695700,3.9694690,4.0000000,3.9796797
352.5000000,3.9564780,3.9251720,4.0000000,3.9605500
353.0000000,3.9270090,4.0000000,4.0000000,3.9756697
353.5000000,3.9428090,3.9791510,3.9102080,3.9440560
354.0000000,4.0000000,4.0000000,3.9905930,3.9968643
354.5000000,3.8994880,4.0000000,4.0000000,3.9664960
355.0000000,4.0000000,3.9794990,4.0000000,3.9931663
355.5000000,4.0000000,3.9821030,4.0000000,3.9940343
356.0000000,3.9798570,3.9710250,4.0000000,3.9836273
356.5000000,4.0000000,3.9598360,3.9824580,3.9807647
357.0000000,3.9440480,4.0000000,3.8504200,3.9314893
357.5000000,4.0000000,4.0000000,4.0000000,4.0000000
358.0000000,3.9640920,4.0000000,3.9579550,3.9740157
358.5000000,3.9715230,3.9712660,3.8607540,3.9345143
359.0000000,3.9800390,4.0000000,4.0000000,3.9933463
359.5000000,3.8632330,3.9913140,4.0000000,3.9515157
360.0000000,4.0000000,4.0000000,3.9798820,3.9932940
360.5000000,3.9389390,3.9798120,4.0000000,3.9729170
361.0000000,3.9911140,3.9575640,3.9910350,3.9799043
361.5000000,3.9707760,3.9634620,3.9616130,3.9652837
362.0000000,3.9793800,4.0000000,3.9632700,3.9808833
362.5000000,3.9569760,3.9492040,3.9427260,3.9496353
363.0000000,4.0000000,3.9789370,3.9215630,3.9668333
363.5000000,4.0000000,3.9897550,3.9695270,3.9864273
364.0000000,3.9789200,4.0000000,3.9695270,3.9828157
364.5000000,3.9893740,3.9616480,4.0000000,3.9836740
365.0000000,4.0000000,3.8582750,4.0000000,3.9527583
365.5000000,3.9180440,3.6239490,3.9838180,3.8419370
366.0000000,3.9010260,3.6592450,3.8332620,3.7978443
366.5000000,3.9013210,3.9581290,3.7278860,3.8624453
367.0000000,3.8224650,3.9154850,3.9095200,3.8824900
367.5000000,3.9414980,3.8172150,3.8873000,3.8820043
368.0000000,3.9974780,3.8810130,3.8645950,3.9143620
368.5000000,3.9414580,3.9124160,3.7959230,3.8832657
369.0000000,3.9116620,3.8234450,3.8718310,3.8689793
369.5000000,3.9545030,3.9434980,3.8599570,3.9193193
370.0000000,3.9292890,3.9695300,3.9093510,3.9360567
370.5000000,3.9071760,3.9787820,4.0000000,3.9619860
371.0000000,3.9717520,3.7123050,3.9899180,3.8913250
371.5000000,3.8506430,3.8057310,3.9585840,3.8716527
372.0000000,3.7025130,3.9386950,3.9448150,3.8620077
372.5000000,3.8638270,3.8635200,3.9762630,3.9012033
373.0000000,3.7481810,4.0000000,3.9052170,3.8844660
373.5000000,3.8097610,3.9657290,3.8486900,3.8747267
374.0000000,3.7946480,3.8944830,3.9517330,3.8802880
374.5000000,3.9009950,3.9370050,3.9654370,3.9344790
375.0000000,3.9373020,3.8833970,3.9473000,3.9226663
375.5000000,3.8979020,3.8967540,3.9291620,3.9079393
376.0000000,3.9165480,3.8330240,3.9557030,3.9017583
376.5000000,3.9666680,3.8086030,3.7776510,3.8509740
377.0000000,3.8237670,3.7703900,3.9648960,3.8530177
377.5000000,3.7448080,3.8630530,3.7027420,3.7702010
378.0000000,3.9144000,3.8886800,3.7511840,3.8514213
378.5000000,3.8324030,3.7901440,3.9905970,3.8710480
379.0000000,3.6936990,3.7765700,3.8741350,3.7814680
379.5000000,3.7347750,3.6115890,3.7604600,3.7022747
380.0000000,3.6651160,3.4855240,3.5423660,3.5643353
380.5000000,3.4307070,3.4716590,3.5437660,3.4820440
381.0000000,3.3328650,3.3488960,3.5462200,3.4093270
381.5000000,3.1367120,3.1849200,3.2286400,3.1834240
382.0000000,3.1243800,3.1364220,3.0934820,3.1180947
382.5000000,2.9759040,3.0001310,2.9777720,2.9846023
383.0000000,2.8278690,2.8637080,2.8454530,2.8456767
383.5000000,2.7235410,2.7611560,2.7388920,2.7411963
384.0000000,2.6210790,2.6056960,2.5979740,2.6082497
384.5000000,2.4896590,2.4856140,2.4868320,2.4873683
385.0000000,2.3789900,2.3659940,2.3770310,2.3740050
385.5000000,2.2684030,2.2593120,2.2684990,2.2654047
386.0000000,2.1721740,2.1719970,2.1722390,2.1721367
386.5000000,2.0795910,2.0787650,2.0784940,2.0789500
387.0000000,1.9847270,1.9872470,1.9885460,1.9868400
387.5000000,1.8942430,1.8911390,1.8942510,1.8932110
388.0000000,1.8109590,1.8059420,1.8092030,1.8087013
388.5000000,1.7279060,1.7259830,1.7268500,1.7269130
389.0000000,1.6518960,1.6488980,1.6508800,1.6505580
389.5000000,1.5839610,1.5832880,1.5839700,1.5837397
390.0000000,1.5154180,1.5146710,1.5162370,1.5154420
390.5000000,1.4517830,1.4493830,1.4507620,1.4506427
391.0000000,1.3906780,1.3896860,1.3904310,1.3902650
391.5000000,1.3353740,1.3334400,1.3347560,1.3345233
392.0000000,1.2866010,1.2844800,1.2852310,1.2854373
392.5000000,1.2385740,1.2368220,1.2371980,1.2375313
393.0000000,1.1910960,1.1895830,1.1913890,1.1906893
393.5000000,1.1471180,1.1461310,1.1464900,1.1465797
394.0000000,1.1059130,1.1047820,1.1057120,1.1054690
394.5000000,1.0692190,1.0682310,1.0686360,1.0686953
395.0000000,1.0375990,1.0371180,1.0384920,1.0377363
395.5000000,1.0057030,1.0064570,1.0067640,1.0063080
396.0000000,0.9768510,0.9776000,0.9782210,0.9775573
396.5000000,0.9503280,0.9518840,0.9515700,0.9512607
397.0000000,0.9268960,0.9285320,0.9286530,0.9280270
397.5000000,0.9059090,0.9072720,0.9076040,0.9069283
398.0000000,0.8875370,0.8889150,0.8889970,0.8884830
398.5000000,0.8691760,0.8707060,0.8706660,0.8701827
399.0000000,0.8525380,0.8538440,0.8539610,0.8534477
399.5000000,0.8371790,0.8387140,0.8387020,0.8381983
400.0000000,0.8231040,0.8247090,0.8245550,0.8241227
400.5000000,0.8094000,0.8109030,0.8108750,0.8103927
401.0000000,0.7959500,0.7974910,0.7974260,0.7969557
401.5000000,0.7832290,0.7847080,0.7847570,0.7842313
402.0000000,0.7710020,0.7731450,0.7727950,0.7723140
402.5000000,0.7605380,0.7625740,0.7625240,0.7618787
403.0000000,0.7491630,0.7513240,0.7510070,0.7504980
403.5000000,0.7377350,0.7401280,0.7401010,0.7393213
404.0000000,0.7272150,0.7298770,0.7298710,0.7289877
404.5000000,0.7174220,0.7203240,0.7201480,0.7192980
405.0000000,0.7081510,0.7108970,0.7105310,0.7098597
405.5000000,0.6994090,0.7017920,0.7017510,0.7009840
406.0000000,0.6908750,0.6929910,0.6928780,0.6922480
406.5000000,0.6825050,0.6843530,0.6843140,0.6837240
407.0000000,0.6744770,0.6760520,0.6761080,0.6755457
407.5000000,0.6667840,0.6684010,0.6685000,0.6678950
408.0000000,0.6599160,0.6614900,0.6614040,0.6609367
408.5000000,0.6534610,0.6550220,0.6549410,0.6544747
409.0000000,0.6471680,0.6488010,0.6487290,0.6482327
409.5000000,0.6405640,0.6420130,0.6420610,0.6415460
410.0000000,0.6347160,0.6362230,0.6362620,0.6357337
410.5000000,0.6295470,0.6309590,0.6307950,0.6304337
411.0000000,0.6248050,0.6260620,0.6260670,0.6256447
411.5000000,0.6202990,0.6217240,0.6216010,0.6212080
412.0000000,0.6160970,0.6178130,0.6175800,0.6171633
412.5000000,0.6119510,0.6137740,0.6136740,0.6131330
413.0000000,0.6082700,0.6098140,0.6099500,0.6093447
413.5000000,0.6044290,0.6062760,0.6062350,0.6056467
414.0000000,0.6008840,0.6027010,0.6026780,0.6020877
414.5000000,0.5976430,0.5991130,0.5991230,0.5986263
415.0000000,0.5946450,0.5958710,0.5959240,0.5954800
415.5000000,0.5918480,0.5930790,0.5930510,0.5926593
416.0000000,0.5889830,0.5899790,0.5899330,0.5896317
416.5000000,0.5865590,0.5873490,0.5875000,0.5871360
417.0000000,0.5844800,0.5851580,0.5854360,0.5850247
417.5000000,0.5819910,0.5826390,0.5829250,0.5825183
418.0000000,0.5796300,0.5803130,0.5804890,0.5801440
418.5000000,0.5774230,0.5780080,0.5782030,0.5778780
419.0000000,0.5754240,0.5760950,0.5760680,0.5758623
419.5000000,0.5735580,0.5741830,0.5741940,0.5739783
420.0000000,0.5714900,0.5723010,0.5722660,0.5720190
420.5000000,0.5695660,0.5704400,0.5704710,0.5701590
421.0000000,0.5678060,0.5686260,0.5686320,0.5683547
421.5000000,0.5661980,0.5669090,0.5668540,0.5666537
422.0000000,0.5647230,0.5652940,0.5653500,0.5651223
422.5000000,0.5632190,0.5637160,0.5637490,0.5635613
423.0000000,0.5616770,0.5621950,0.5622480,0.5620400
423.5000000,0.5602650,0.5607580,0.5608740,0.5606323
424.0000000,0.5587590,0.5593660,0.5594950,0.5592067
424.5000000,0.5573670,0.5579590,0.5580850,0.5578037
425.0000000,0.5560310,0.5565690,0.5567230,0.5564410
425.5000000,0.5546720,0.5551640,0.5554340,0.5550900
426.0000000,0.5534200,0.5540220,0.5541260,0.5538560
426.5000000,0.5522630,0.5527390,0.5528090,0.5526037
427.0000000,0.5509480,0.5514240,0.5515950,0.5513223
427.5000000,0.5496740,0.5502290,0.5502930,0.5500653
428.0000000,0.5484450,0.5490050,0.5490820,0.5488440
428.5000000,0.5472730,0.5478350,0.5479000,0.5476693
429.0000000,0.5462310,0.5467140,0.5468010,0.5465820
429.5000000,0.5452140,0.5457440,0.5458010,0.5455863
430.0000000,0.5441440,0.5445690,0.5447790,0.5444973
430.5000000,0.5432080,0.5435420,0.5436710,0.5434737
431.0000000,0.5421590,0.5426420,0.5427670,0.5425227
431.5000000,0.5412070,0.5416370,0.5418850,0.5415763
432.0000000,0.5402820,0.5407290,0.5408600,0.5406237
432.5000000,0.5394360,0.5397640,0.5399040,0.5397013
433.0000000,0.5384990,0.5389460,0.5390180,0.5388210
433.5000000,0.5376330,0.5380930,0.5380880,0.5379380
434.0000000,0.5368190,0.5370480,0.5372260,0.5370310
434.5000000,0.5357990,0.5362310,0.5362730,0.5361010
435.0000000,0.5348950,0.5353380,0.5354980,0.5352437
435.5000000,0.5341610,0.5345520,0.5346860,0.5344663
436.0000000,0.5334930,0.5337960,0.5338560,0.5337150
436.5000000,0.5326020,0.5329840,0.5330310,0.5328723
437.0000000,0.5318240,0.5322370,0.5322300,0.5320970
437.5000000,0.5311200,0.5314000,0.5314690,0.5313297
438.0000000,0.5303630,0.5307830,0.5307790,0.5306417
438.5000000,0.5295280,0.5299410,0.5300380,0.5298357
439.0000000,0.5288880,0.5291740,0.5292110,0.5290910
439.5000000,0.5282100,0.5285450,0.5286530,0.5284693
440.0000000,0.5276570,0.5279940,0.5279580,0.5278697
440.5000000,0.5269230,0.5271980,0.5272410,0.5271207
441.0000000,0.5262920,0.5265440,0.5265930,0.5264763
441.5000000,0.5256520,0.5259330,0.5259240,0.5258363
442.0000000,0.5249740,0.5252480,0.5253220,0.5251813
442.5000000,0.5243130,0.5247080,0.5247410,0.5245873
443.0000000,0.5237530,0.5240430,0.5241360,0.5239773
443.5000000,0.5230700,0.5234040,0.5234980,0.5233240
444.0000000,0.5224900,0.5227570,0.5228810,0.5227093
444.5000000,0.5218470,0.5220830,0.5221750,0.5220350
445.0000000,0.5212240,0.5214920,0.5215380,0.5214180
445.5000000,0.5206860,0.5208800,0.5210350,0.5208670
446.0000000,0.5201200,0.5203540,0.5204810,0.5203183
446.5000000,0.5194450,0.5196920,0.5198450,0.5196607
447.0000000,0.5189260,0.5191450,0.5192880,0.5191197
447.5000000,0.5183350,0.5185600,0.5186290,0.5185080
448.0000000,0.5177210,0.5179760,0.5180940,0.5179303
448.5000000,0.5172420,0.5174420,0.5175420,0.5174087
449.0000000,0.5167330,0.5170300,0.5170010,0.5169213
449.5000000,0.5161520,0.5164610,0.5164970,0.5163700
450.0000000,0.5156870,0.5159980,0.5160110,0.5158987
450.5000000,0.5151720,0.5154490,0.5154940,0.5153717
451.0000000,0.5146640,0.5148520,0.5149530,0.5148230
451.5000000,0.5140890,0.5142930,0.5144420,0.5142747
452.0000000,0.5136480,0.5137640,0.5139350,0.5137823
452.5000000,0.5130540,0.5132300,0.5133480,0.5132107
453.0000000,0.5124980,0.5127830,0.5128250,0.5127020
453.5000000,0.5119950,0.5122180,0.5122720,0.5121617
454.0000000,0.5114960,0.5117260,0.5118110,0.5116777
454.5000000,0.5109180,0.5111450,0.5112290,0.5110973
455.0000000,0.5104480,0.5106070,0.5106790,0.5105780
455.5000000,0.5099370,0.5100840,0.5101320,0.5100510
456.0000000,0.5094300,0.5095980,0.5096530,0.5095603
456.5000000,0.5088610,0.5091110,0.5090730,0.5090150
457.0000000,0.5082380,0.5084190,0.5085050,0.5083873
457.5000000,0.5077630,0.5079620,0.5080290,0.5079180
458.0000000,0.5073310,0.5074710,0.5075410,0.5074477
458.5000000,0.5067760,0.5070180,0.5070960,0.5069633
459.0000000,0.5063440,0.5063970,0.5065580,0.5064330
459.5000000,0.5057870,0.5059940,0.5060020,0.5059277
460.0000000,0.5053580,0.5054780,0.5055270,0.5054543
460.5000000,0.5048410,0.5048540,0.5049770,0.5048907
461.0000000,0.5041870,0.5042640,0.5043110,0.5042540
461.5000000,0.5036610,0.5037430,0.5037870,0.5037303
462.0000000,0.5031780,0.5032540,0.5033130,0.5032483
462.5000000,0.5026400,0.5026530,0.5028070,0.5027000
463.0000000,0.5020360,0.5022090,0.5023000,0.5021817
463.5000000,0.5013890,0.5015740,0.5016390,0.5015340
464.0000000,0.5007870,0.5009930,0.5010230,0.5009343
464.5000000,0.5003190,0.5004130,0.5004890,0.5004070
465.0000000,0.4997280,0.4998480,0.4999340,0.4998367
465.5000000,0.4991220,0.4992260,0.4993220,0.4992233
466.0000000,0.4984660,0.4985870,0.4985920,0.4985483
466.5000000,0.4977780,0.4979050,0.4979650,0.4978827
467.0000000,0.4970490,0.4971320,0.4971950,0.4971253
467.5000000,0.4963670,0.4963050,0.4965250,0.4963990
468.0000000,0.4954890,0.4954670,0.4956530,0.4955363
468.5000000,0.4947090,0.4947200,0.4948700,0.4947663
469.0000000,0.4939210,0.4938970,0.4940580,0.4939587
469.5000000,0.4930210,0.4929170,0.4931190,0.4930190
470.0000000,0.4919540,0.4918430,0.4919940,0.4919303
470.5000000,0.4906990,0.4906610,0.4907510,0.4907037
471.0000000,0.4893230,0.4892650,0.4893800,0.4893227
471.5000000,0.4877710,0.4875860,0.4877180,0.4876917
472.0000000,0.4857470,0.4855680,0.4856240,0.4856463
472.5000000,0.4831480,0.4828720,0.4830150,0.4830117
473.0000000,0.4798570,0.4795440,0.4796600,0.4796870
473.5000000,0.4770590,0.4766420,0.4767830,0.4768280
474.0000000,0.4760880,0.4756620,0.4757090,0.4758197
474.5000000,0.4764920,0.4760610,0.4760920,0.4762150
475.0000000,0.4772910,0.4768900,0.4769530,0.4770447
475.5000000,0.4781840,0.4778230,0.4779300,0.4779790
476.0000000,0.4793880,0.4790060,0.4790880,0.4791607
476.5000000,0.4806340,0.4804390,0.4804990,0.4805240
477.0000000,0.4821700,0.4819470,0.4821170,0.4820780
477.5000000,0.4840230,0.4837990,0.4839790,0.4839337
478.0000000,0.4860560,0.4859610,0.4861290,0.4860487
478.5000000,0.4884300,0.4884030,0.4885320,0.4884550
479.0000000,0.4910360,0.4910430,0.4911740,0.4910843
479.5000000,0.4938430,0.4939100,0.4940870,0.4939467
480.0000000,0.4969780,0.4972230,0.4973040,0.4971683
480.5000000,0.5005160,0.5009250,0.5009390,0.5007933
481.0000000,0.5044160,0.5049510,0.5050410,0.5048027
481.5000000,0.5087160,0.5094270,0.5094240,0.5091890
482.0000000,0.5133050,0.5140760,0.5140800,0.5138203
482.5000000,0.5181930,0.5190950,0.5190850,0.5187910
483.0000000,0.5240710,0.5251280,0.5250430,0.5247473
483.5000000,0.5302470,0.5313910,0.5314170,0.5310183
484.0000000,0.5366960,0.5381620,0.5381920,0.5376833
484.5000000,0.5434720,0.5452740,0.5453460,0.5446973
485.0000000,0.5505200,0.5526340,0.5527370,0.5519637
485.5000000,0.5579080,0.5603200,0.5604840,0.5595707
486.0000000,0.5657490,0.5685120,0.5686690,0.5676433
486.5000000,0.5741600,0.5771270,0.5772880,0.5761917
487.0000000,0.5828870,0.5861350,0.5863710,0.5851310
487.5000000,0.5915370,0.5950920,0.5953460,0.5939917
488.0000000,0.6000520,0.6038600,0.6040900,0.6026673
488.5000000,0.6082740,0.6123020,0.6124820,0.6110193
489.0000000,0.6162520,0.6204980,0.6206230,0.6191243
489.5000000,0.6238430,0.6284030,0.6284180,0.6268880
490.0000000,0.6311390,0.6360260,0.6359370,0.6343673
490.5000000,0.6378980,0.6429130,0.6429130,0.6412413
491.0000000,0.6439570,0.6492910,0.6493570,0.6475350
491.5000000,0.6492900,0.6548530,0.6550080,0.6530503
492.0000000,0.6538400,0.6597120,0.6598690,0.6578070
492.5000000,0.6578270,0.6638500,0.6639570,0.6618780
493.0000000,0.6610490,0.6672770,0.6673920,0.6652393
493.5000000,0.6636060,0.6699400,0.6700240,0.6678567
494.0000000,0.6652920,0.6716850,0.6717530,0.6695767
494.5000000,0.6662560,0.6726740,0.6727920,0.6705740
495.0000000,0.6665120,0.6729830,0.6730450,0.6708467
495.5000000,0.6661440,0.6726160,0.6726260,0.6704620
496.0000000,0.6652510,0.6716210,0.6716940,0.6695220
496.5000000,0.6638610,0.6701630,0.6702480,0.6680907
497.0000000,0.6620310,0.6682740,0.6683740,0.6662263
497.5000000,0.6599040,0.6659990,0.6660690,0.6639907
498.0000000,0.6574930,0.6634610,0.6635470,0.6615003
498.5000000,0.6548440,0.6607380,0.6608050,0.6587957
499.0000000,0.6520600,0.6578610,0.6579300,0.6559503
499.5000000,0.6492830,0.6549780,0.6549730,0.6530780
500.0000000,0.6462730,0.6518730,0.6519060,0.6500173
500.5000000,0.6430830,0.6486090,0.6486550,0.6467823
501.0000000,0.6398850,0.6452650,0.6452770,0.6434757
501.5000000,0.6366830,0.6418520,0.6418820,0.6401390
502.0000000,0.6331050,0.6382210,0.6382310,0.6365190
502.5000000,0.6299460,0.6348160,0.6349050,0.6332223
503.0000000,0.6267980,0.6315700,0.6316750,0.6300143
503.5000000,0.6237230,0.6283900,0.6285170,0.6268767
504.0000000,0.6207520,0.6253230,0.6253860,0.6238203
504.5000000,0.6177810,0.6222750,0.6223090,0.6207883
505.0000000,0.6148770,0.6192850,0.6192540,0.6178053
505.5000000,0.6119150,0.6161850,0.6161620,0.6147540
506.0000000,0.6091720,0.6132660,0.6134310,0.6119563
506.5000000,0.6065350,0.6105920,0.6107740,0.6093003
507.0000000,0.6040100,0.6080240,0.6081260,0.6067200
507.5000000,0.6016210,0.6054410,0.6055370,0.6041997
508.0000000,0.5992530,0.6029450,0.6030750,0.6017577
508.5000000,0.5970940,0.6006680,0.6007890,0.5995170
509.0000000,0.5949110,0.5984520,0.5986060,0.5973230
509.5000000,0.5927030,0.5962070,0.5963190,0.5950763
510.0000000,0.5906390,0.5940860,0.5941460,0.5929570
510.5000000,0.5888520,0.5921840,0.5922590,0.5910983
511.0000000,0.5871560,0.5904050,0.5904750,0.5893453
511.5000000,0.5853150,0.5886110,0.5886500,0.5875253
512.0000000,0.5836180,0.5868520,0.5869470,0.5858057
512.5000000,0.5820390,0.5851250,0.5852740,0.5841460
513.0000000,0.5804030,0.5835040,0.5836300,0.5825123
513.5000000,0.5790190,0.5820930,0.5821900,0.5811007
514.0000000,0.5777670,0.5808010,0.5808330,0.5798003
514.5000000,0.5764290,0.5793680,0.5794780,0.5784250
515.0000000,0.5751710,0.5780610,0.5781860,0.5771393
515.5000000,0.5739680,0.5768110,0.5769030,0.5758940
516.0000000,0.5727790,0.5756540,0.5757430,0.5747253
516.5000000,0.5717200,0.5744750,0.5745230,0.5735727
517.0000000,0.5706730,0.5734310,0.5734680,0.5725240
517.5000000,0.5695920,0.5722760,0.5722840,0.5713840
518.0000000,0.5686600,0.5712930,0.5713650,0.5704393
518.5000000,0.5678000,0.5704140,0.5704670,0.5695603
519.0000000,0.5668690,0.5694520,0.5695250,0.5686153
519.5000000,0.5660750,0.5686040,0.5687720,0.5678170
520.0000000,0.5652890,0.5677540,0.5679000,0.5669810
520.5000000,0.5644570,0.5669310,0.5670280,0.5661387
521.0000000,0.5638440,0.5661940,0.5663220,0.5654533
521.5000000,0.5631190,0.5655500,0.5656530,0.5647740
522.0000000,0.5624790,0.5648590,0.5649690,0.5641023
522.5000000,0.5618940,0.5642970,0.5643850,0.5635253
523.0000000,0.5612650,0.5636530,0.5637830,0.5629003
523.5000000,0.5606060,0.5629500,0.5630690,0.5622083
524.0000000,0.5600740,0.5623400,0.5624820,0.5616320
524.5000000,0.5596300,0.5617900,0.5619890,0.5611363
525.0000000,0.5591400,0.5613680,0.5615490,0.5606857
525.5000000,0.5586980,0.5608480,0.5610160,0.5601873
526.0000000,0.5582680,0.5604390,0.5605750,0.5597607
526.5000000,0.5577870,0.5599120,0.5600570,0.5592520
527.0000000,0.5573400,0.5594580,0.5595400,0.5587793
527.5000000,0.5569190,0.5590720,0.5591560,0.5583823
528.0000000,0.5566820,0.5587160,0.5588140,0.5580707
528.5000000,0.5563740,0.5584900,0.5585870,0.5578170
529.0000000,0.5560600,0.5581560,0.5582420,0.5574860
529.5000000,0.5557530,0.5577940,0.5578810,0.5571427
530.0000000,0.5554680,0.5575520,0.5576210,0.5568803
530.5000000,0.5551840,0.5572520,0.5573560,0.5565973
531.0000000,0.5549940,0.5569890,0.5571360,0.5563730
531.5000000,0.5548300,0.5567830,0.5569730,0.5561953
532.0000000,0.5546050,0.5565780,0.5567510,0.5559780
532.5000000,0.5544130,0.5563880,0.5565380,0.5557797
533.0000000,0.5542300,0.5561230,0.5563030,0.5555520
533.5000000,0.5540780,0.5559810,0.5561260,0.5553950
534.0000000,0.5539300,0.5559180,0.5559530,0.5552670
534.5000000,0.5538410,0.5557610,0.5558930,0.5551650
535.0000000,0.5536990,0.5556270,0.5557860,0.5550373
535.5000000,0.5536560,0.5555630,0.5556040,0.5549410
536.0000000,0.5536790,0.5556370,0.5557100,0.5550087
536.5000000,0.5533880,0.5553760,0.5554340,0.5547327
537.0000000,0.5530630,0.5550320,0.5550450,0.5543800
537.5000000,0.5529200,0.5549240,0.5549330,0.5542590
538.0000000,0.5528310,0.5548510,0.5549190,0.5542003
538.5000000,0.5528370,0.5548720,0.5549190,0.5542093
539.0000000,0.5529030,0.5548230,0.5548610,0.5541957
539.5000000,0.5529130,0.5548370,0.5549160,0.5542220
540.0000000,0.5529910,0.5549260,0.5549730,0.5542967
540.5000000,0.5529810,0.5549770,0.5550090,0.5543223
541.0000000,0.5530420,0.5550170,0.5550710,0.5543767
541.5000000,0.5530130,0.5549820,0.5550620,0.5543523
542.0000000,0.5530510,0.5550290,0.5550970,0.5543923
542.5000000,0.5531650,0.5550610,0.5551150,0.5544470
543.0000000,0.5532760,0.5551900,0.5552180,0.5545613
543.5000000,0.5534110,0.5552570,0.5553360,0.5546680
544.0000000,0.5535250,0.5553530,0.5554380,0.5547720
544.5000000,0.5536070,0.5554080,0.5555320,0.5548490
545.0000000,0.5536540,0.5555140,0.5555570,0.5549083
545.5000000,0.5536880,0.5555960,0.5555770,0.5549537
546.0000000,0.5537820,0.5557060,0.5557200,0.5550693
546.5000000,0.5539500,0.5557790,0.5558560,0.5551950
547.0000000,0.5541310,0.5559540,0.5560030,0.5553627
547.5000000,0.5542940,0.5560780,0.5561360,0.5555027
548.0000000,0.5543690,0.5561850,0.5562300,0.5555947
548.5000000,0.5545450,0.5563170,0.5563660,0.5557427
549.0000000,0.5547080,0.5564620,0.5565380,0.5559027
549.5000000,0.5548290,0.5566480,0.5567490,0.5560753
550.0000000,0.5549480,0.5568230,0.5568740,0.5562150
550.5000000,0.5551440,0.5569390,0.5570140,0.5563657
551.0000000,0.5552970,0.5570780,0.5572180,0.5565310
551.5000000,0.5554850,0.5572840,0.5573710,0.5567133
552.0000000,0.5557030,0.5575130,0.5575710,0.5569290
552.5000000,0.5559370,0.5577080,0.5577840,0.5571430
553.0000000,0.5561210,0.5578720,0.5579160,0.5573030
553.5000000,0.5562900,0.5580860,0.5580860,0.5574873
554.0000000,0.5565000,0.5583240,0.5582340,0.5576860
554.5000000,0.5566670,0.5584320,0.5585150,0.5578713
555.0000000,0.5569310,0.5586810,0.5588230,0.5581450
555.5000000,0.5571870,0.5588930,0.5590410,0.5583737
556.0000000,0.5573790,0.5590950,0.5592180,0.5585640
556.5000000,0.5576080,0.5593860,0.5594090,0.5588010
557.0000000,0.5577460,0.5595060,0.5595460,0.5589327
557.5000000,0.5580220,0.5597870,0.5598270,0.5592120
558.0000000,0.5582270,0.5599820,0.5600650,0.5594247
558.5000000,0.5584510,0.5601680,0.5602600,0.5596263
559.0000000,0.5587740,0.5604810,0.5605510,0.5599353
559.5000000,0.5589630,0.5606910,0.5607620,0.5601387
560.0000000,0.5591690,0.5609450,0.5609620,0.5603587
560.5000000,0.5593720,0.5611400,0.5611630,0.5605583
561.0000000,0.5595820,0.5613160,0.5614010,0.5607663
561.5000000,0.5599330,0.5616000,0.5616960,0.5610763
562.0000000,0.5601700,0.5618580,0.5620010,0.5613430
562.5000000,0.5603750,0.5620750,0.5622020,0.5615507
563.0000000,0.5606380,0.5623350,0.5623990,0.5617907
563.5000000,0.5608380,0.5625750,0.5626410,0.5620180
564.0000000,0.5611050,0.5628760,0.5629440,0.5623083
564.5000000,0.5614420,0.5631510,0.5631820,0.5625917
565.0000000,0.5616170,0.5633360,0.5633770,0.5627767
565.5000000,0.5619040,0.5635900,0.5636830,0.5630590
566.0000000,0.5622250,0.5639240,0.5639380,0.5633623
566.5000000,0.5623450,0.5641200,0.5641560,0.5635403
567.0000000,0.5626330,0.5643770,0.5644580,0.5638227
567.5000000,0.5628870,0.5645980,0.5646890,0.5640580
568.0000000,0.5631250,0.5648860,0.5649430,0.5643180
568.5000000,0.5634280,0.5651760,0.5651570,0.5645870
569.0000000,0.5636530,0.5653760,0.5653830,0.5648040
569.5000000,0.5639080,0.5656380,0.5656370,0.5650610
570.0000000,0.5642260,0.5659490,0.5659870,0.5653873
570.5000000,0.5644570,0.5662060,0.5662730,0.5656453
571.0000000,0.5647570,0.5665090,0.5665810,0.5659490
571.5000000,0.5651050,0.5668070,0.5668610,0.5662577
572.0000000,0.5653140,0.5669870,0.5670680,0.5664563
572.5000000,0.5656010,0.5672750,0.5673520,0.5667427
573.0000000,0.5658450,0.5675510,0.5676270,0.5670077
573.5000000,0.5660900,0.5678470,0.5679110,0.5672827
574.0000000,0.5663990,0.5681180,0.5681950,0.5675707
574.5000000,0.5666720,0.5683870,0.5684310,0.5678300
575.0000000,0.5669190,0.5686680,0.5687200,0.5681023
575.5000000,0.5672980,0.5690360,0.5690270,0.5684537
576.0000000,0.5675480,0.5694040,0.5693920,0.5687813
576.5000000,0.5677580,0.5695910,0.5696670,0.5690053
577.0000000,0.5680940,0.5698880,0.5699530,0.5693117
577.5000000,0.5682680,0.5700990,0.5701960,0.5695210
578.0000000,0.5686330,0.5704400,0.5705360,0.5698697
578.5000000,0.5689830,0.5707910,0.5708560,0.5702100
579.0000000,0.5692790,0.5710750,0.5711650,0.5705063
579.5000000,0.5696210,0.5713400,0.5714570,0.5708060
580.0000000,0.5699220,0.5716390,0.5717930,0.5711180
580.5000000,0.5700740,0.5718790,0.5719810,0.5713113
581.0000000,0.5703840,0.5721430,0.5722650,0.5715973
581.5000000,0.5706900,0.5724430,0.5725730,0.5719020
582.0000000,0.5709880,0.5728090,0.5729160,0.5722377
582.5000000,0.5714560,0.5731170,0.5732780,0.5726170
583.0000000,0.5717270,0.5734450,0.5736290,0.5729337
583.5000000,0.5719260,0.5737140,0.5738510,0.5731637
584.0000000,0.5723780,0.5741020,0.5741820,0.5735540
584.5000000,0.5725280,0.5744020,0.5744390,0.5737897
585.0000000,0.5728360,0.5746680,0.5747230,0.5740757
585.5000000,0.5732240,0.5749330,0.5750520,0.5744030
586.0000000,0.5733750,0.5752790,0.5753180,0.5746573
586.5000000,0.5736290,0.5755750,0.5755890,0.5749310
587.0000000,0.5740580,0.5758400,0.5759160,0.5752713
587.5000000,0.5742250,0.5761280,0.5762470,0.5755333
588.0000000,0.5745310,0.5764450,0.5765470,0.5758410
588.5000000,0.5749100,0.5767250,0.5767820,0.5761390
589.0000000,0.5751250,0.5770160,0.5771180,0.5764197
589.5000000,0.5754620,0.5772700,0.5773800,0.5767040
590.0000000,0.5758660,0.5776000,0.5776800,0.5770487
590.5000000,0.5760750,0.5779400,0.5780990,0.5773713
591.0000000,0.5764310,0.5782190,0.5783930,0.5776810
591.5000000,0.5768310,0.5786160,0.5787520,0.5780663
592.0000000,0.5769780,0.5788670,0.5789620,0.5782690
592.5000000,0.5773080,0.5791900,0.5792760,0.5785913
593.0000000,0.5776810,0.5794630,0.5795550,0.5788997
593.5000000,0.5778620,0.5797270,0.5798920,0.5791603
594.0000000,0.5781290,0.5799420,0.5800800,0.5793837
594.5000000,0.5785000,0.5802910,0.5803710,0.5797207
595.0000000,0.5786720,0.5806210,0.5807020,0.5799983
595.5000000,0.5790190,0.5808880,0.5810320,0.5803130
596.0000000,0.5794190,0.5812290,0.5813500,0.5806660
596.5000000,0.5795430,0.5815410,0.5816270,0.5809037
597.0000000,0.5798330,0.5817720,0.5818800,0.5811617
597.5000000,0.5802710,0.5820350,0.5821510,0.5814857
598.0000000,0.5805080,0.5824180,0.5825460,0.5818240
598.5000000,0.5807900,0.5827170,0.5828900,0.5821323
599.0000000,0.5812380,0.5829930,0.5831260,0.5824523
599.5000000,0.5814090,0.5833700,0.5834580,0.5827457
600.0000000,0.5815900,0.5836090,0.5837050,0.5829680
600.5000000,0.5820880,0.5839430,0.5840420,0.5833577
601.0000000,0.5823540,0.5842910,0.5844130,0.5836860
601.5000000,0.5826030,0.5845920,0.5846900,0.5839617
602.0000000,0.5830130,0.5848350,0.5849660,0.5842713
602.5000000,0.5832080,0.5851780,0.5852950,0.5845603
603.0000000,0.5834300,0.5854710,0.5855660,0.5848223
603.5000000,0.5838890,0.5857680,0.5858760,0.5851777
604.0000000,0.5840540,0.5860730,0.5861460,0.5854243
604.5000000,0.5843540,0.5863830,0.5864470,0.5857280
605.0000000,0.5849080,0.5866750,0.5868040,0.5861290
605.5000000,0.5850500,0.5870100,0.5870960,0.5863853
606.0000000,0.5852480,0.5872900,0.5873350,0.5866243
606.5000000,0.5856370,0.5874780,0.5875610,0.5868920
607.0000000,0.5857600,0.5878150,0.5878490,0.5871413
607.5000000,0.5859760,0.5881260,0.5882130,0.5874383
608.0000000,0.5865020,0.5883890,0.5885440,0.5878117
608.5000000,0.5867550,0.5887100,0.5889030,0.5881227
609.0000000,0.5868480,0.5889600,0.5890720,0.5882933
609.5000000,0.5873010,0.5891510,0.5892950,0.5885823
610.0000000,0.5875080,0.5894350,0.5896190,0.5888540
610.5000000,0.5875810,0.5897380,0.5898850,0.5890680
611.0000000,0.5879960,0.5899690,0.5900850,0.5893500
611.5000000,0.5884340,0.5903030,0.5904680,0.5897350
612.0000000,0.5884230,0.5905720,0.5907380,0.5899110
612.5000000,0.5887780,0.5908130,0.5909680,0.5901863
613.0000000,0.5891540,0.5910510,0.5911750,0.5904600
613.5000000,0.5891550,0.5914040,0.5914870,0.5906820
614.0000000,0.5892980,0.5915380,0.5916400,0.5908253
614.5000000,0.5897200,0.5917340,0.5918390,0.5910977
615.0000000,0.5898900,0.5919870,0.5921680,0.5913483
615.5000000,0.5899650,0.5922680,0.5923740,0.5915357
616.0000000,0.5904440,0.5924390,0.5925780,0.5918203
616.5000000,0.5907440,0.5926880,0.5928170,0.5920830
617.0000000,0.5907810,0.5929780,0.5930500,0.5922697
617.5000000,0.5910490,0.5931640,0.5932690,0.5924940
618.0000000,0.5913190,0.5933310,0.5934880,0.5927127
618.5000000,0.5913590,0.5935290,0.5936850,0.5928577
619.0000000,0.5915130,0.5937380,0.5938280,0.5930263
619.5000000,0.5919350,0.5938290,0.5939680,0.5932440
620.0000000,0.5919570,0.5940810,0.5942120,0.5934167
620.5000000,0.5919790,0.5943210,0.5943800,0.5935600
621.0000000,0.5923860,0.5944520,0.5945110,0.5937830
621.5000000,0.5925740,0.5945840,0.5947080,0.5939553
622.0000000,0.5924340,0.5946810,0.5948270,0.5939807
622.5000000,0.5925920,0.5947320,0.5949200,0.5940813
623.0000000,0.5928670,0.5948930,0.5950280,0.5942627
623.5000000,0.5927520,0.5949510,0.5951030,0.5942687
624.0000000,0.5927980,0.5950050,0.5951520,0.5943183
624.5000000,0.5930280,0.5950380,0.5951300,0.5943987
625.0000000,0.5930000,0.5951120,0.5952840,0.5944653
625.5000000,0.5928180,0.5950670,0.5952060,0.5943637
626.0000000,0.5929490,0.5949440,0.5951280,0.5943403
626.5000000,0.5929040,0.5949580,0.5950850,0.5943157
627.0000000,0.5925370,0.5948720,0.5950080,0.5941390
627.5000000,0.5925000,0.5946350,0.5946890,0.5939413
628.0000000,0.5924660,0.5944530,0.5945280,0.5938157
628.5000000,0.5919740,0.5942180,0.5942940,0.5934953
629.0000000,0.5916450,0.5938100,0.5938690,0.5931080
629.5000000,0.5914040,0.5933170,0.5934280,0.5927163
630.0000000,0.5907200,0.5927560,0.5928710,0.5921157
630.5000000,0.5898980,0.5920230,0.5921880,0.5913697
631.0000000,0.5893350,0.5911140,0.5912750,0.5905747
631.5000000,0.5882280,0.5900400,0.5901340,0.5894673
632.0000000,0.5867180,0.5887780,0.5888120,0.5881027
632.5000000,0.5850410,0.5868850,0.5869120,0.5862793
633.0000000,0.5826760,0.5842730,0.5842560,0.5837350
633.5000000,0.5789040,0.5805830,0.5804980,0.5799950
634.0000000,0.5736240,0.5752130,0.5750930,0.5746433
634.5000000,0.5694270,0.5707150,0.5706740,0.5702720
635.0000000,0.5697980,0.5712270,0.5714540,0.5708263
635.5000000,0.5753900,0.5771430,0.5775530,0.5766953
636.0000000,0.5831330,0.5849280,0.5853150,0.5844587
636.5000000,0.5919800,0.5939090,0.5942080,0.5933657
637.0000000,0.6010300,0.6035990,0.6038760,0.6028350
637.5000000,0.6107330,0.6138360,0.6140730,0.6128807
638.0000000,0.6219300,0.6252410,0.6255430,0.6242380
638.5000000,0.6353610,0.6393530,0.6396550,0.6381230
639.0000000,0.6487200,0.6534780,0.6538370,0.6520117
639.5000000,0.6632380,0.6683490,0.6685960,0.6667277
640.0000000,0.6795780,0.6851290,0.6851840,0.6832970
640.5000000,0.6964740,0.7028110,0.7026650,0.7006500
641.0000000,0.7130390,0.7200120,0.7197830,0.7176113
641.5000000,0.7306300,0.7379390,0.7379540,0.7355077
642.0000000,0.7489840,0.7570020,0.7573180,0.7544347
642.5000000,0.7656460,0.7747310,0.7751490,0.7718420
643.0000000,0.7824500,0.7924130,0.7928140,0.7892257
643.5000000,0.7995670,0.8103090,0.8105340,0.8068033
644.0000000,0.8137430,0.8255200,0.8257160,0.8216597
644.5000000,0.8266010,0.8393290,0.8394870,0.8351390
645.0000000,0.8380170,0.8511750,0.8512940,0.8468287
645.5000000,0.8469070,0.8605300,0.8606470,0.8560280
646.0000000,0.8539660,0.8683050,0.8684240,0.8635650
646.5000000,0.8585270,0.8731870,0.8732450,0.8683197
647.0000000,0.8611940,0.8756690,0.8757790,0.8708807
647.5000000,0.8616720,0.8762100,0.8763800,0.8714207
648.0000000,0.8601290,0.8748380,0.8750150,0.8699940
648.5000000,0.8571480,0.8714860,0.8717400,0.8667913
649.0000000,0.8531270,0.8671530,0.8674260,0.8625687
649.5000000,0.8474700,0.8614960,0.8617020,0.8568893
650.0000000,0.8417890,0.8555700,0.8557460,0.8510350
650.5000000,0.8352520,0.8484530,0.8484990,0.8440680
651.0000000,0.8286310,0.8414640,0.8414700,0.8371883
651.5000000,0.8209970,0.8336710,0.8337720,0.8294800
652.0000000,0.8138970,0.8260420,0.8262240,0.8220543
652.5000000,0.8068180,0.8182120,0.8184620,0.8144973
653.0000000,0.7995830,0.8108250,0.8110910,0.8071663
653.5000000,0.7923660,0.8032780,0.8035280,0.7997240
654.0000000,0.7854820,0.7956870,0.7959780,0.7923823
654.5000000,0.7788700,0.7887040,0.7889790,0.7855177
655.0000000,0.7722740,0.7820330,0.7822740,0.7788603
655.5000000,0.7661640,0.7755470,0.7757410,0.7724840
656.0000000,0.7605190,0.7693420,0.7695680,0.7664763
656.5000000,0.7546530,0.7633870,0.7635890,0.7605430
657.0000000,0.7492690,0.7579420,0.7581120,0.7551077
657.5000000,0.7444520,0.7527610,0.7529630,0.7500587
658.0000000,0.7396390,0.7477020,0.7478330,0.7450580
658.5000000,0.7350700,0.7431840,0.7432810,0.7405117
659.0000000,0.7306920,0.7388180,0.7388770,0.7361290
659.5000000,0.7265720,0.7342510,0.7342840,0.7317023
660.0000000,0.7224450,0.7297400,0.7298060,0.7273303
660.5000000,0.7183220,0.7256790,0.7257650,0.7232553
661.0000000,0.7145280,0.7217350,0.7218090,0.7193573
661.5000000,0.7111900,0.7179860,0.7181110,0.7157623
662.0000000,0.7077670,0.7144280,0.7146640,0.7122863
662.5000000,0.7045110,0.7112840,0.7114610,0.7090853
663.0000000,0.7014890,0.7080760,0.7082250,0.7059300
663.5000000,0.6987030,0.7048850,0.7051260,0.7029047
664.0000000,0.6958230,0.7019580,0.7022600,0.7000137
664.5000000,0.6930340,0.6993470,0.6995990,0.6973267
665.0000000,0.6903920,0.6966210,0.6968330,0.6946153
665.5000000,0.6880470,0.6938370,0.6941160,0.6920000
666.0000000,0.6856020,0.6914790,0.6917290,0.6896033
666.5000000,0.6832680,0.6892330,0.6894190,0.6873067
667.0000000,0.6812150,0.6870380,0.6871410,0.6851313
667.5000000,0.6791410,0.6847630,0.6848050,0.6829030
668.0000000,0.6770110,0.6825580,0.6826890,0.6807527
668.5000000,0.6748850,0.6805360,0.6806710,0.6786973
669.0000000,0.6729180,0.6783290,0.6784950,0.6765807
669.5000000,0.6711090,0.6762090,0.6764620,0.6745933
670.0000000,0.6692120,0.6744670,0.6746640,0.6727810
670.5000000,0.6673450,0.6726660,0.6728680,0.6709597
671.0000000,0.6656660,0.6708160,0.6709870,0.6691563
671.5000000,0.6639890,0.6689720,0.6691440,0.6673683
672.0000000,0.6622600,0.6673540,0.6675340,0.6657160
672.5000000,0.6606840,0.6657950,0.6659480,0.6641423
673.0000000,0.6593190,0.6642490,0.6643810,0.6626497
673.5000000,0.6578280,0.6627320,0.6628750,0.6611450
674.0000000,0.6563150,0.6613050,0.6614940,0.6597047
674.5000000,0.6549140,0.6598510,0.6600180,0.6582610
675.0000000,0.6536210,0.6582890,0.6584950,0.6568017
675.5000000,0.6523030,0.6569530,0.6571270,0.6554610
676.0000000,0.6509270,0.6557210,0.6558570,0.6541683
676.5000000,0.6498320,0.6545790,0.6547110,0.6530407
677.0000000,0.6487580,0.6533290,0.6534670,0.6518513
677.5000000,0.6475000,0.6520660,0.6522470,0.6506043
678.0000000,0.6464010,0.6511140,0.6512770,0.6495973
678.5000000,0.6453060,0.6499190,0.6500530,0.6484260
679.0000000,0.6442800,0.6487670,0.6489460,0.6473310
679.5000000,0.6431740,0.6476380,0.6478550,0.6462223
680.0000000,0.6421150,0.6467230,0.6468890,0.6452423
680.5000000,0.6411450,0.6457000,0.6458160,0.6442203
681.0000000,0.6403100,0.6447010,0.6447880,0.6432663
681.5000000,0.6392030,0.6436360,0.6437820,0.6422070
682.0000000,0.6383420,0.6428080,0.6429820,0.6413773
682.5000000,0.6376210,0.6419060,0.6420310,0.6405193
683.0000000,0.6367450,0.6409370,0.6411060,0.6395960
683.5000000,0.6357640,0.6400570,0.6403000,0.6387070
684.0000000,0.6349050,0.6393580,0.6395280,0.6379303
684.5000000,0.6342170,0.6384780,0.6385960,0.6370970
685.0000000,0.6334610,0.6376100,0.6377740,0.6362817
685.5000000,0.6325060,0.6367570,0.6369820,0.6354150
686.0000000,0.6317400,0.6360830,0.6362890,0.6347040
686.5000000,0.6312180,0.6354020,0.6355670,0.6340623
687.0000000,0.6305280,0.6345680,0.6347630,0.6332863
687.5000000,0.6296470,0.6337830,0.6339950,0.6324750
688.0000000,0.6290000,0.6332260,0.6334430,0.6318897
688.5000000,0.6284440,0.6325040,0.6327400,0.6312293
689.0000000,0.6278010,0.6317540,0.6319730,0.6305093
689.5000000,0.6269860,0.6310810,0.6312580,0.6297750
690.0000000,0.6262280,0.6304580,0.6306290,0.6291050
690.5000000,0.6256880,0.6298210,0.6299900,0.6284997
691.0000000,0.6252500,0.6291920,0.6293620,0.6279347
691.5000000,0.6244540,0.6284270,0.6286460,0.6271757
692.0000000,0.6237860,0.6279040,0.6281260,0.6266053
692.5000000,0.6234330,0.6275150,0.6276480,0.6261987
693.0000000,0.6228960,0.6267850,0.6269190,0.6255333
693.5000000,0.6221130,0.6261160,0.6263070,0.6248453
694.0000000,0.6215410,0.6256510,0.6258230,0.6243383
694.5000000,0.6210290,0.6249840,0.6252220,0.6237450
695.0000000,0.6205750,0.6244390,0.6246250,0.6232130
695.5000000,0.6198720,0.6238800,0.6240140,0.6225887
696.0000000,0.6191480,0.6232930,0.6234670,0.6219693
696.5000000,0.6188140,0.6228590,0.6230660,0.6215797
697.0000000,0.6185030,0.6223710,0.6225530,0.6211423
697.5000000,0.6177800,0.6216470,0.6218520,0.6204263
698.0000000,0.6171390,0.6212310,0.6214150,0.6199283
698.5000000,0.6167990,0.6207580,0.6209700,0.6195090
699.0000000,0.6164020,0.6201490,0.6203680,0.6189730
699.5000000,0.6157040,0.6195580,0.6197740,0.6183453
700.0000000,0.6150510,0.6190710,0.6192730,0.6177983
700.5000000,0.6146570,0.6187040,0.6188390,0.6174000
701.0000000,0.6144100,0.6182890,0.6184150,0.6170380
701.5000000,0.6138210,0.6177370,0.6178570,0.6164717
702.0000000,0.6131430,0.6172240,0.6173530,0.6159067
702.5000000,0.6129280,0.6169370,0.6170970,0.6156540
703.0000000,0.6127280,0.6165310,0.6166940,0.6153177
703.5000000,0.6120970,0.6159120,0.6160810,0.6146967
704.0000000,0.6114840,0.6154930,0.6156870,0.6142213
704.5000000,0.6111410,0.6152020,0.6153510,0.6138980
705.0000000,0.6108880,0.6147540,0.6148760,0.6135060
705.5000000,0.6105230,0.6143180,0.6144760,0.6131057
706.0000000,0.6098740,0.6138690,0.6139860,0.6125763
706.5000000,0.6093580,0.6134140,0.6135640,0.6121120
707.0000000,0.6092880,0.6131950,0.6133350,0.6119393
707.5000000,0.6089940,0.6127290,0.6128760,0.6115330
708.0000000,0.6082570,0.6121100,0.6122980,0.6108883
708.5000000,0.6077020,0.6118030,0.6119860,0.6104970
709.0000000,0.6075790,0.6115780,0.6117290,0.6102953
709.5000000,0.6073910,0.6111730,0.6113000,0.6099547
710.0000000,0.6069670,0.6107950,0.6109470,0.6095697
710.5000000,0.6064160,0.6104820,0.6106060,0.6091680
711.0000000,0.6060040,0.6100780,0.6102300,0.6087707
711.5000000,0.6059140,0.6097640,0.6099250,0.6085343
712.0000000,0.6056970,0.6094810,0.6096260,0.6082680
712.5000000,0.6050900,0.6090610,0.6091390,0.6077633
713.0000000,0.6045670,0.6087440,0.6088370,0.6073827
713.5000000,0.6045120,0.6085370,0.6086840,0.6072443
714.0000000,0.6044650,0.6082180,0.6083610,0.6070147
714.5000000,0.6039560,0.6077130,0.6078540,0.6065077
715.0000000,0.6032650,0.6073810,0.6074750,0.6060403
715.5000000,0.6029930,0.6070630,0.6072220,0.6057593
716.0000000,0.6029180,0.6067120,0.6068650,0.6054983
716.5000000,0.6026710,0.6064570,0.6065880,0.6052387
717.0000000,0.6020730,0.6061380,0.6062570,0.6048227
717.5000000,0.6015170,0.6057050,0.6057880,0.6043367
718.0000000,0.6015620,0.6054920,0.6055920,0.6042153
718.5000000,0.6015020,0.6052870,0.6053370,0.6040420
719.0000000,0.6008210,0.6047630,0.6048130,0.6034657
719.5000000,0.6002490,0.6044210,0.6045870,0.6030857
720.0000000,0.6002140,0.6042620,0.6043960,0.6029573
720.5000000,0.6002260,0.6039600,0.6040410,0.6027423
721.0000000,0.5997700,0.6035600,0.6037210,0.6023503
721.5000000,0.5991290,0.6032640,0.6034460,0.6019463
722.0000000,0.5987590,0.6029270,0.6030270,0.6015710
722.5000000,0.5987980,0.6026960,0.6028330,0.6014423
723.0000000,0.5987910,0.6025020,0.6026750,0.6013227
723.5000000,0.5981910,0.6021110,0.6022650,0.6008557
724.0000000,0.5974990,0.6017420,0.6018780,0.6003730
724.5000000,0.5975560,0.6015950,0.6018170,0.6003227
725.0000000,0.5976950,0.6013600,0.6015800,0.6002117
725.5000000,0.5971450,0.6009270,0.6011290,0.5997337
726.0000000,0.5965070,0.6006850,0.6009140,0.5993687
726.5000000,0.5962410,0.6004260,0.6006200,0.5990957
727.0000000,0.5962800,0.6001520,0.6002690,0.5989003
727.5000000,0.5961960,0.6000250,0.6000910,0.5987707
728.0000000,0.5956570,0.5997780,0.5998320,0.5984223
728.5000000,0.5950520,0.5993360,0.5994720,0.5979533
729.0000000,0.5950780,0.5991460,0.5993500,0.5978580
729.5000000,0.5953710,0.5990970,0.5992580,0.5979087
730.0000000,0.5949620,0.5987440,0.5989310,0.5975457
730.5000000,0.5941760,0.5984260,0.5985600,0.5970540
731.0000000,0.5939490,0.5983070,0.5984670,0.5969077
731.5000000,0.5940990,0.5981090,0.5982210,0.5968097
732.0000000,0.5940490,0.5977680,0.5979170,0.5965780
732.5000000,0.5935420,0.5975240,0.5977210,0.5962623
733.0000000,0.5929480,0.5972420,0.5974880,0.5958927
733.5000000,0.5926780,0.5969100,0.5971300,0.5955727
734.0000000,0.5928890,0.5968150,0.5969930,0.5955657
734.5000000,0.5930270,0.5967790,0.5968930,0.5955663
735.0000000,0.5924180,0.5964710,0.5966060,0.5951650
735.5000000,0.5916740,0.5960310,0.5962270,0.5946440
736.0000000,0.5916920,0.5959640,0.5961140,0.5945900
736.5000000,0.5920490,0.5958600,0.5960080,0.5946390
737.0000000,0.5916980,0.5955430,0.5957060,0.5943157
737.5000000,0.5910270,0.5952890,0.5954890,0.5939350
738.0000000,0.5906980,0.5951450,0.5953440,0.5937290
738.5000000,0.5907260,0.5948450,0.5950250,0.5935320
739.0000000,0.5909210,0.5946810,0.5948910,0.5934977
739.5000000,0.5907300,0.5946220,0.5948000,0.5933840
740.0000000,0.5899630,0.5943230,0.5944400,0.5929087
740.5000000,0.5895340,0.5939750,0.5941520,0.5925537
741.0000000,0.5898860,0.5939460,0.5941100,0.5926473
741.5000000,0.5901280,0.5938890,0.5940350,0.5926840
742.0000000,0.5894700,0.5935130,0.5936650,0.5922160
742.5000000,0.5887660,0.5932670,0.5934650,0.5918327
743.0000000,0.5888780,0.5932370,0.5934480,0.5918543
743.5000000,0.5891590,0.5930250,0.5932110,0.5917983
744.0000000,0.5890030,0.5928440,0.5930140,0.5916203
744.5000000,0.5884370,0.5927420,0.5928940,0.5913577
745.0000000,0.5878320,0.5924560,0.5925680,0.5909520
745.5000000,0.5878760,0.5921630,0.5923120,0.5907837
746.0000000,0.5883020,0.5921190,0.5922770,0.5908993
746.5000000,0.5881400,0.5920320,0.5921710,0.5907810
747.0000000,0.5872190,0.5916650,0.5917780,0.5902207
747.5000000,0.5868660,0.5914440,0.5916050,0.5899717
748.0000000,0.5873570,0.5914860,0.5916530,0.5901653
748.5000000,0.5874960,0.5913020,0.5913990,0.5900657
749.0000000,0.5869000,0.5910500,0.5911920,0.5897140
749.5000000,0.5863270,0.5909310,0.5911080,0.5894553
750.0000000,0.5861330,0.5907340,0.5908550,0.5892407
750.5000000,0.5863630,0.5904260,0.5905460,0.5891117
751.0000000,0.5866250,0.5903720,0.5905800,0.5891923
751.5000000,0.5862200,0.5904000,0.5905410,0.5890537
752.0000000,0.5854200,0.5900880,0.5902500,0.5885860
752.5000000,0.5852680,0.5898470,0.5900170,0.5883773
753.0000000,0.5858900,0.5899620,0.5901000,0.5886507
753.5000000,0.5860230,0.5898480,0.5899720,0.5886143
754.0000000,0.5853080,0.5895440,0.5896960,0.5881827
754.5000000,0.5846920,0.5893840,0.5895630,0.5878797
755.0000000,0.5847750,0.5893650,0.5895130,0.5878843
755.5000000,0.5851720,0.5891780,0.5893100,0.5878867
756.0000000,0.5851430,0.5889760,0.5891080,0.5877423
756.5000000,0.5847470,0.5890180,0.5890970,0.5876207
757.0000000,0.5841990,0.5888780,0.5890080,0.5873617
757.5000000,0.5838910,0.5885510,0.5886890,0.5870437
758.0000000,0.5843350,0.5884660,0.5886280,0.5871430
758.5000000,0.5847380,0.5886410,0.5887250,0.5873680
759.0000000,0.5842170,0.5884280,0.5885300,0.5870583
759.5000000,0.5833380,0.5881650,0.5882790,0.5865940
760.0000000,0.5833010,0.5881490,0.5882670,0.5865723
760.5000000,0.5838820,0.5882250,0.5884010,0.5868360
761.0000000,0.5840930,0.5879980,0.5881470,0.5867460
761.5000000,0.5835130,0.5878110,0.5879720,0.5864320
762.0000000,0.5828410,0.5877740,0.5879610,0.5861920
762.5000000,0.5826440,0.5876620,0.5878130,0.5860397
763.0000000,0.5829350,0.5873790,0.5874160,0.5859100
763.5000000,0.5832920,0.5873400,0.5874900,0.5860407
764.0000000,0.5831010,0.5874280,0.5875700,0.5860330
764.5000000,0.5823180,0.5871920,0.5873320,0.5856140
765.0000000,0.5820360,0.5869830,0.5870760,0.5853650
765.5000000,0.5827130,0.5871320,0.5872520,0.5856990
766.0000000,0.5831390,0.5871530,0.5872660,0.5858527
766.5000000,0.5825900,0.5869060,0.5869820,0.5854927
767.0000000,0.5817080,0.5866710,0.5868380,0.5850723
767.5000000,0.5816030,0.5866470,0.5867980,0.5850160
768.0000000,0.5820210,0.5864540,0.5866040,0.5850263
768.5000000,0.5822960,0.5863170,0.5864780,0.5850303
769.0000000,0.5820600,0.5864300,0.5866430,0.5850443
769.5000000,0.5814610,0.5864250,0.5865750,0.5848203
770.0000000,0.5810360,0.5861030,0.5862580,0.5844657
770.5000000,0.5814980,0.5858730,0.5860900,0.5844870
771.0000000,0.5821310,0.5861390,0.5863290,0.5848663
771.5000000,0.5818800,0.5860960,0.5862780,0.5847513
772.0000000,0.5809190,0.5859150,0.5860710,0.5843017
772.5000000,0.5806440,0.5857710,0.5858990,0.5841047
773.0000000,0.5812170,0.5858260,0.5859350,0.5843260
773.5000000,0.5816430,0.5856650,0.5857620,0.5843567
774.0000000,0.5812190,0.5855370,0.5857080,0.5841547
774.5000000,0.5806340,0.5855690,0.5857140,0.5839723
775.0000000,0.5802760,0.5854940,0.5856540,0.5838080
775.5000000,0.5805400,0.5851720,0.5853230,0.5836783
776.0000000,0.5810280,0.5851330,0.5853740,0.5838450
776.5000000,0.5811120,0.5853390,0.5854800,0.5839770
777.0000000,0.5803460,0.5852580,0.5854200,0.5836747
777.5000000,0.5796370,0.5849350,0.5850940,0.5832220
778.0000000,0.5799420,0.5847540,0.5849580,0.5832180
778.5000000,0.5807060,0.5849870,0.5851770,0.5836233
779.0000000,0.5807300,0.5848820,0.5850200,0.5835440
779.5000000,0.5799260,0.5847120,0.5848570,0.5831650
780.0000000,0.5793340,0.5845620,0.5847780,0.5828913
780.5000000,0.5794430,0.5845940,0.5848080,0.5829483
781.0000000,0.5798290,0.5843060,0.5845300,0.5828883
781.5000000,0.5800810,0.5842460,0.5844210,0.5829160
782.0000000,0.5798430,0.5843730,0.5845710,0.5829290
782.5000000,0.5791880,0.5843420,0.5845390,0.5826897
783.0000000,0.5787000,0.5840230,0.5842640,0.5823290
783.5000000,0.5790670,0.5837330,0.5840550,0.5822850
784.0000000,0.5797870,0.5840000,0.5842260,0.5826710
784.5000000,0.5796580,0.5838920,0.5841330,0.5825610
785.0000000,0.5786720,0.5836630,0.5839590,0.5820980
785.5000000,0.5780720,0.5833900,0.5836500,0.5817040
786.0000000,0.5783940,0.5834520,0.5837110,0.5818523
786.5000000,0.5788860,0.5833320,0.5834810,0.5818997
787.0000000,0.5788000,0.5831420,0.5832880,0.5817433
787.5000000,0.5781240,0.5831410,0.5832610,0.5815087
788.0000000,0.5775740,0.5830630,0.5831880,0.5812750
788.5000000,0.5773760,0.5827290,0.5828450,0.5809833
789.0000000,0.5777280,0.5822320,0.5824380,0.5807993
789.5000000,0.5781060,0.5824500,0.5826530,0.5810697
790.0000000,0.5776990,0.5824890,0.5826340,0.5809407
790.5000000,0.5766660,0.5822020,0.5823580,0.5804087
791.0000000,0.5762780,0.5817430,0.5818600,0.5799603
791.5000000,0.5768990,0.5817610,0.5818620,0.5801740
792.0000000,0.5772740,0.5816700,0.5817410,0.5802283
792.5000000,0.5765290,0.5813120,0.5814690,0.5797700
793.0000000,0.5754870,0.5810690,0.5811630,0.5792397
793.5000000,0.5751370,0.5809020,0.5810240,0.5790210
794.0000000,0.5753680,0.5805880,0.5806500,0.5788687
794.5000000,0.5755850,0.5800500,0.5802090,0.5786147
795.0000000,0.5754110,0.5800740,0.5801950,0.5785600
795.5000000,0.5746620,0.5799370,0.5800810,0.5782267
796.0000000,0.5736820,0.5796370,0.5797620,0.5776937
796.5000000,0.5734000,0.5789190,0.5790430,0.5771207
797.0000000,0.5738610,0.5786560,0.5788270,0.5771147
797.5000000,0.5741720,0.5786680,0.5788350,0.5772250
798.0000000,0.5734000,0.5783040,0.5784700,0.5767247
798.5000000,0.5720550,0.5778490,0.5779930,0.5759657
799.0000000,0.5715330,0.5773380,0.5774770,0.5754493
799.5000000,0.5717010,0.5771450,0.5773170,0.5753877
800.0000000,0.5718080,0.5764890,0.5766200,0.5749723
800.5000000,0.5712260,0.5759830,0.5761700,0.5744597
801.0000000,0.5702990,0.5757600,0.5758810,0.5739800
801.5000000,0.5693980,0.5754160,0.5755670,0.5734603
802.0000000,0.5687830,0.5748410,0.5748930,0.5728390
802.5000000,0.5688040,0.5739620,0.5740720,0.5722793
803.0000000,0.5689700,0.5737420,0.5738580,0.5721900
803.5000000,0.5684550,0.5734120,0.5734940,0.5717870
804.0000000,0.5670380,0.5728670,0.5730300,0.5709783
804.5000000,0.5658620,0.5720810,0.5722130,0.5700520
805.0000000,0.5656120,0.5713210,0.5714640,0.5694657
805.5000000,0.5658320,0.5710160,0.5711940,0.5693473
806.0000000,0.5655150,0.5703010,0.5704490,0.5687550
806.5000000,0.5642920,0.5695650,0.5697330,0.5678633
807.0000000,0.5628470,0.5688940,0.5690060,0.5669157
807.5000000,0.5619860,0.5682180,0.5683470,0.5661837
808.0000000,0.5615290,0.5673780,0.5675060,0.5654710
808.5000000,0.5612290,0.5662110,0.5663490,0.5645963
809.0000000,0.5605840,0.5655850,0.5657560,0.5639750
809.5000000,0.5592210,0.5648980,0.5650030,0.5630407
810.0000000,0.5575740,0.5641140,0.5642000,0.5619627
810.5000000,0.5564890,0.5627840,0.5628810,0.5607180
811.0000000,0.5562870,0.5617170,0.5619110,0.5599717
811.5000000,0.5560310,0.5610740,0.5612550,0.5594533
812.0000000,0.5548460,0.5600640,0.5602250,0.5583783
812.5000000,0.5528760,0.5590490,0.5591630,0.5570293
813.0000000,0.5513250,0.5577320,0.5578390,0.5556320
813.5000000,0.5506340,0.5568370,0.5569650,0.5548120
814.0000000,0.5501640,0.5556560,0.5557300,0.5538500
814.5000000,0.5491280,0.5542530,0.5543590,0.5525800
815.0000000,0.5475260,0.5532060,0.5532980,0.5513433
815.5000000,0.5456920,0.5520420,0.5521440,0.5499593
816.0000000,0.5440520,0.5508040,0.5508640,0.5485733
816.5000000,0.5430450,0.5489670,0.5489790,0.5469970
817.0000000,0.5424670,0.5476690,0.5477590,0.5459650
817.5000000,0.5414220,0.5466750,0.5467770,0.5449580
818.0000000,0.5393490,0.5453520,0.5454710,0.5433907
818.5000000,0.5370340,0.5438060,0.5438920,0.5415773
819.0000000,0.5355650,0.5419500,0.5420690,0.5398613
819.5000000,0.5346990,0.5405980,0.5407190,0.5386720
820.0000000,0.5337050,0.5390060,0.5390750,0.5372620
820.5000000,0.5318220,0.5373200,0.5374170,0.5355197
821.0000000,0.5294850,0.5357440,0.5358110,0.5336800
821.5000000,0.5274550,0.5341540,0.5342490,0.5319527
822.0000000,0.5258400,0.5326110,0.5327460,0.5303990
822.5000000,0.5247070,0.5305300,0.5306810,0.5286393
823.0000000,0.5234450,0.5287470,0.5289090,0.5270337
823.5000000,0.5217350,0.5273140,0.5274460,0.5254983
824.0000000,0.5193940,0.5257100,0.5257870,0.5236303
824.5000000,0.5169710,0.5240040,0.5240460,0.5216737
825.0000000,0.5151360,0.5217090,0.5217000,0.5195150
825.5000000,0.5139250,0.5197580,0.5198020,0.5178283
826.0000000,0.5126610,0.5181020,0.5181420,0.5163017
826.5000000,0.5106170,0.5161120,0.5161880,0.5143057
827.0000000,0.5077860,0.5141760,0.5142560,0.5120727
827.5000000,0.5051150,0.5118530,0.5119400,0.5096360
828.0000000,0.5031870,0.5098060,0.5098950,0.5076293
828.5000000,0.5016860,0.5076750,0.5077390,0.5057000
829.0000000,0.4999730,0.5053070,0.5053630,0.5035477
829.5000000,0.4977420,0.5034610,0.5034930,0.5015653
830.0000000,0.4951360,0.5014830,0.5015060,0.4993750
830.5000000,0.4924060,0.4994300,0.4994940,0.4971100
831.0000000,0.4900660,0.4969470,0.4969300,0.4946477
831.5000000,0.4882890,0.4940760,0.4940890,0.4921513
832.0000000,0.4866290,0.4919060,0.4920150,0.4901833
832.5000000,0.4843350,0.4898100,0.4898030,0.4879827
833.0000000,0.4812060,0.4876510,0.4876630,0.4855067
833.5000000,0.4780990,0.4850790,0.4850440,0.4827407
834.0000000,0.4757760,0.4822760,0.4822600,0.4801040
834.5000000,0.4740380,0.4799470,0.4799920,0.4779923
835.0000000,0.4719850,0.4772580,0.4772610,0.4755013
835.5000000,0.4690770,0.4746720,0.4746840,0.4728110
836.0000000,0.4656310,0.4719790,0.4720350,0.4698817
836.5000000,0.4626010,0.4693180,0.4694500,0.4671230
837.0000000,0.4601270,0.4667670,0.4668960,0.4645967
837.5000000,0.4579170,0.4635810,0.4636720,0.4617233
838.0000000,0.4556150,0.4608470,0.4609060,0.4591227
838.5000000,0.4528350,0.4584090,0.4584380,0.4565607
839.0000000,0.4494950,0.4559530,0.4559900,0.4538127
839.5000000,0.4463180,0.4533170,0.4533000,0.4509783
840.0000000,0.4438090,0.4501150,0.4500730,0.4479990
840.5000000,0.4418940,0.4474770,0.4474880,0.4456197
841.0000000,0.4398200,0.4449160,0.4449050,0.4432137
841.5000000,0.4369580,0.4422170,0.4421940,0.4404563
842.0000000,0.4334550,0.4396250,0.4395830,0.4375543
842.5000000,0.4302110,0.4367060,0.4366460,0.4345210
843.0000000,0.4275200,0.4339470,0.4339600,0.4318090
843.5000000,0.4251780,0.4309430,0.4309360,0.4290190
844.0000000,0.4227490,0.4276610,0.4276410,0.4260170
844.5000000,0.4199150,0.4250190,0.4249800,0.4233047
845.0000000,0.4167570,0.4224540,0.4223560,0.4205223
845.5000000,0.4134280,0.4198860,0.4198790,0.4177310
846.0000000,0.4105250,0.4170970,0.4170070,0.4148763
846.5000000,0.4081450,0.4136200,0.4135170,0.4117607
847.0000000,0.4060380,0.4108030,0.4107660,0.4092023
847.5000000,0.4037370,0.4082390,0.4081980,0.4067247
848.0000000,0.4006010,0.4056510,0.4056480,0.4039667
848.5000000,0.3970500,0.4030120,0.4030240,0.4010287
849.0000000,0.3938120,0.3998300,0.3997310,0.3977910
849.5000000,0.3911990,0.3968280,0.3967680,0.3949317
850.0000000,0.3890100,0.3940530,0.3939310,0.3923313
850.5000000,0.3865320,0.3909800,0.3908840,0.3894653
851.0000000,0.3834860,0.3883460,0.3882240,0.3866853
851.5000000,0.3801990,0.3856430,0.3855150,0.3837857
852.0000000,0.3769680,0.3829680,0.3828960,0.3809440
852.5000000,0.3741530,0.3802000,0.3801180,0.3781570
853.0000000,0.3716610,0.3766770,0.3766180,0.3749853
853.5000000,0.3692320,0.3734460,0.3734410,0.3720397
854.0000000,0.3664960,0.3707340,0.3706740,0.3693013
854.5000000,0.3630090,0.3679920,0.3679080,0.3663030
855.0000000,0.3595930,0.3654530,0.3653260,0.3634573
855.5000000,0.3565530,0.3620960,0.3618980,0.3601823
856.0000000,0.3540090,0.3587780,0.3586710,0.3571527
856.5000000,0.3518270,0.3559580,0.3558880,0.3545577
857.0000000,0.3490520,0.3529770,0.3528870,0.3516387
857.5000000,0.3456340,0.3503070,0.3501750,0.3487053
858.0000000,0.3421890,0.3474390,0.3472060,0.3456113
858.5000000,0.3391050,0.3445080,0.3443390,0.3426507
859.0000000,0.3366090,0.3417520,0.3415710,0.3399773
859.5000000,0.3342420,0.3383960,0.3382470,0.3369617
860.0000000,0.3316690,0.3353970,0.3352650,0.3341103
860.5000000,0.3288190,0.3327830,0.3326510,0.3314177
861.0000000,0.3256630,0.3303070,0.3301960,0.3287220
861.5000000,0.3225040,0.3277550,0.3276140,0.3259577
862.0000000,0.3195640,0.3243280,0.3240870,0.3226597
862.5000000,0.3170820,0.3209480,0.3207870,0.3196057
863.0000000,0.3148560,0.3183270,0.3181860,0.3171230
863.5000000,0.3121550,0.3156860,0.3155680,0.3144697
864.0000000,0.3088620,0.3132390,0.3130990,0.3117333
864.5000000,0.3055750,0.3103440,0.3101770,0.3086987
865.0000000,0.3027280,0.3073690,0.3071940,0.3057637
865.5000000,0.3004600,0.3046560,0.3044100,0.3031753
866.0000000,0.2983370,0.3017100,0.3014570,0.3005013
866.5000000,0.2959360,0.2990670,0.2989110,0.2979713
867.0000000,0.2932280,0.2968160,0.2966650,0.2955697
867.5000000,0.2902980,0.2944390,0.2942420,0.2929930
868.0000000,0.2873980,0.2920350,0.2918130,0.2904153
868.5000000,0.2848480,0.2890460,0.2887360,0.2875433
869.0000000,0.2826170,0.2858120,0.2855800,0.2846697
869.5000000,0.2805380,0.2833170,0.2831420,0.2823323
870.0000000,0.2781870,0.2810610,0.2808880,0.2800453
870.5000000,0.2753950,0.2789570,0.2787920,0.2777147
871.0000000,0.2724740,0.2766880,0.2764500,0.2752040
871.5000000,0.2697240,0.2738250,0.2735890,0.2723793
872.0000000,0.2674510,0.2710550,0.2708930,0.2697997
872.5000000,0.2655300,0.2684750,0.2682880,0.2674310
873.0000000,0.2633460,0.2658720,0.2657230,0.2649803
873.5000000,0.2609230,0.2637800,0.2636610,0.2627880
874.0000000,0.2582470,0.2616690,0.2615420,0.2604860
874.5000000,0.2555710,0.2593930,0.2593140,0.2580927
875.0000000,0.2531280,0.2569750,0.2568040,0.2556357
875.5000000,0.2510480,0.2540300,0.2538790,0.2529857
876.0000000,0.2490140,0.2512530,0.2510920,0.2504530
876.5000000,0.2469050,0.2491140,0.2489480,0.2483223
877.0000000,0.2444450,0.2471340,0.2469420,0.2461737
877.5000000,0.2417380,0.2451300,0.2449220,0.2439300
878.0000000,0.2391170,0.2427110,0.2424220,0.2414167
878.5000000,0.2367560,0.2397980,0.2394970,0.2386837
879.0000000,0.2348700,0.2373060,0.2370440,0.2364067
879.5000000,0.2329990,0.2350530,0.2348110,0.2342877
880.0000000,0.2308260,0.2330260,0.2328020,0.2322180
880.5000000,0.2281640,0.2310720,0.2308020,0.2300127
881.0000000,0.2255100,0.2289290,0.2286170,0.2276853
881.5000000,0.2232640,0.2266230,0.2263040,0.2253970
882.0000000,0.2214000,0.2240140,0.2237020,0.2230387
882.5000000,0.2196940,0.2213940,0.2211660,0.2207513
883.0000000,0.2177990,0.2193050,0.2191400,0.2187480
883.5000000,0.2155850,0.2176630,0.2174270,0.2168917
884.0000000,0.2132250,0.2159690,0.2157080,0.2149673
884.5000000,0.2110300,0.2140040,0.2137130,0.2129157
885.0000000,0.2089710,0.2116420,0.2113120,0.2106417
885.5000000,0.2071750,0.2091540,0.2088350,0.2083880
886.0000000,0.2055310,0.2070030,0.2068000,0.2064447
886.5000000,0.2038730,0.2053070,0.2052050,0.2047950
887.0000000,0.2017850,0.2037710,0.2035960,0.2030507
887.5000000,0.1994600,0.2020240,0.2018460,0.2011100
888.0000000,0.1971920,0.2000990,0.1998910,0.1990607
888.5000000,0.1953910,0.1978330,0.1975730,0.1969323
889.0000000,0.1939610,0.1956560,0.1954210,0.1950127
889.5000000,0.1926260,0.1937980,0.1935680,0.1933307
890.0000000,0.1909600,0.1921330,0.1919070,0.1916667
890.5000000,0.1889510,0.1907340,0.1905060,0.1900637
891.0000000,0.1867830,0.1891950,0.1889360,0.1883047
891.5000000,0.1848970,0.1872410,0.1869930,0.1863770
892.0000000,0.1831960,0.1851860,0.1849490,0.1844437
892.5000000,0.1818170,0.1831650,0.1829060,0.1826293
893.0000000,0.1804160,0.1813160,0.1810630,0.1809317
893.5000000,0.1787280,0.1798530,0.1796330,0.1794047
894.0000000,0.1769850,0.1785210,0.1782980,0.1779347
894.5000000,0.1751140,0.1770180,0.1767620,0.1762980
895.0000000,0.1732830,0.1755570,0.1753130,0.1747177
895.5000000,0.1717370,0.1737970,0.1734570,0.1729970
896.0000000,0.1703410,0.1716610,0.1713290,0.1711103
896.5000000,0.1690780,0.1699100,0.1696320,0.1695400
897.0000000,0.1678080,0.1684550,0.1681650,0.1681427
897.5000000,0.1660730,0.1671060,0.1669030,0.1666940
898.0000000,0.1641270,0.1660240,0.1658970,0.1653493
898.5000000,0.1622960,0.1642220,0.1640010,0.1635063
899.0000000,0.1607230,0.1620890,0.1618600,0.1615573
899.5000000,0.1594680,0.1603550,0.1601530,0.1599920
900.0000000,0.1586660,0.1590620,0.1588200,0.1588493